type,cnt
Q180684,70601
Q40231,60369
Q8016240,54621
Q2334719,54302
Q645883,21600
Q19692072,19442
Q1076105,19135
Q2618461,17235
Q2761147,16649
Q650711,15467
Q178561,15206
Q15966540,14814
Q7590,12054
Q625994,11093
Q190122,8048
Q1643989,8048
Q831772,8048
Q1368,8028
Q2020153,7556
Q152450,6835
Q178512,6670
Q693464,6238
Q41207,6091
Q171558,5771
Q15141321,5761
Q1174599,5175
Q11822042,5174
Q273120,4943
Q844482,4558
Q4,4426
Q1057954,4091
Q74948922,3986
Q149086,3985
Q91908084,3925
Q858439,3802
Q132821,3553
Q19902850,3291
Q744913,3216
Q15261477,2979
Q133492,2924
Q273976,2683
Q188055,2665
Q24333627,2531
Q175331,2344
Q17853087,2331
Q27556165,2210
Q17496410,2163
Q177626,2076
Q40444998,2038
Q43109,1964
Q350604,1924
Q601401,1902
Q96482904,1827
Q60442637,1779
Q750215,1755
Q8142,1714
Q15079663,1706
Q198,1701
Q16738832,1624
Q81672,1614
Q4354683,1588
Q3565868,1567
Q18812548,1556
Q811367,1528
Q2540467,1465
Q1078765,1397
Q15589476,1339
Q837556,1333
Q379693,1268
Q2072431,1235
Q7269307,1234
Q61927259,1234
Q7456126,1226
Q2223653,1222
Q15280243,1192
Q124734,1171
Q56316064,1126
Q898830,1082
Q5116010,1018
Q188447,1009
Q1939150,999
Q3199915,995
Q24397514,988
Q155930,987
Q657449,957
Q1757562,938
Q2672648,897
Q7897387,892
Q686984,884
Q5916,862
Q124757,845
Q2495862,803
Q891854,797
Q1166072,757
Q14946528,739
Q964162,734
Q10271409,678
Q126793,664
Q14006248,652
Q2001676,643
Q4931513,622
Q1261499,617
Q2310419,616
Q2133344,613
Q18984099,602
Q628191,597
Q49776,586
Q21484471,586
Q5421693,583
Q67454740,580
Q6508670,580
Q18043413,578
Q98374631,573
Q1156895,569
Q5264406,555
Q17195514,551
Q30634609,539
Q1072326,537
Q65152203,530
Q7864918,512
Q24097670,506
Q10737,492
Q294362,489
Q7835189,483
Q51404,469
Q831663,467
Q752783,458
Q3002150,453
Q5503,451
Q19930933,442
Q11890047,439
Q2288051,437
Q107274313,418
Q855973,418
Q4290,413
Q9687,410
Q14819852,409
Q217327,409
Q25671,401
Q111161,396
Q159979,390
Q669262,381
Q4201895,375
Q1255828,365
Q357104,361
Q18562917,361
Q76853179,358
Q7137437,346
Q221409,343
Q2380335,342
Q678146,338
Q1958056,328
Q15154951,328
Q7281,328
Q847301,325
Q107394355,322
Q17091170,321
Q7232773,319
Q179226,310
Q15145537,307
Q1148747,305
Q3951866,303
Q279283,300
Q902378,287
Q1412403,278
Q629257,278
Q18493502,277
Q26772977,276
Q5153967,275
Q50331459,275
Q1763090,266
Q1128324,256
Q4393809,255
Q476807,249
Q335918,248
Q8465,244
Q15078695,243
Q26001252,240
Q26466721,235
Q187916,234
Q11549517,234
Q2235325,230
Q26001248,226
Q17912683,226
Q1550225,224
Q109217482,216
Q104666804,216
Q2144320,215
Q21480300,212
Q47217,205
Q22342153,202
Q651270,202
Q10968259,201
Q3010369,199
Q10271631,198
Q188823,198
Q52721923,197
Q3722112,195
Q1257361,190
Q10836209,189
Q25917154,187
Q25906438,187
Q841236,185
Q133004,182
Q1129398,178
Q26001206,177
Q2352121,176
Q484847,172
Q766875,169
Q3586951,166
Q26001251,162
Q694752,162
Q2620513,162
Q318296,159
Q3586483,158
Q528892,158
Q13479982,158
Q1543677,156
Q60716473,156
Q1192191,153
Q1435575,152
Q631229,152
Q28783456,151
Q3117735,151
Q506572,151
Q3214425,150
Q60895708,149
Q1376777,147
Q1141795,147
Q11642595,147
Q3587332,146
Q47433,146
Q841418,144
Q15310171,144
Q25080094,143
Q10874184,143
Q16152241,142
Q7999562,141
Q4688003,141
Q515449,140
Q62090711,138
Q10931,137
Q2101619,137
Q20893947,136
Q834351,135
Q1268865,135
Q10551516,133
Q26013426,132
Q26013502,132
Q189656,132
Q26013333,132
Q26013475,132
Q26252880,131
Q7404395,130
Q44854,129
Q1022147,129
Q7618182,129
Q13634374,127
Q860641,126
Q25392373,126
Q159535,125
Q4494907,124
Q96251253,123
Q4071928,123
Q7832574,123
Q60589804,122
Q3587541,122
Q7085670,121
Q4940252,121
Q512399,120
Q7681174,120
Q3588250,120
Q370330,119
Q7353823,117
Q5919191,115
Q29102902,115
Q5001131,112
Q101086122,111
Q3882219,110
Q646754,110
Q54805501,109
Q1417098,109
Q18564543,107
Q697327,105
Q370607,105
Q906512,102
Q194189,102
Q216158,101
Q365680,101
Q467011,100
Q2717573,100
Q1679887,100
Q78187883,99
Q6936320,98
Q3586835,98
Q1477856,97
Q131288,97
Q41397,97
Q3586840,97
Q15707521,96
Q2993090,95
Q751892,95
Q1752350,94
Q26013452,93
Q1331380,93
Q19403959,93
Q1078001,93
Q193078,92
Q6130595,92
Q1863435,90
Q56220509,89
Q1139665,88
Q597260,87
Q486775,87
Q5381256,86
Q188686,85
Q220187,85
Q18201623,84
Q177923,84
Q16684585,84
Q109732621,83
Q56821289,82
Q56821073,82
Q26821406,81
Q1413715,79
Q49775,79
Q186431,78
Q1761818,78
Q22266255,77
Q2055296,76
Q617378,76
Q2138247,75
Q85811908,74
Q395976,73
Q548126,72
Q192623,71
Q464643,71
Q29530429,70
Q267995,70
Q11658044,70
Q1366745,69
Q738031,69
Q263233,68
Q8157,68
Q494497,68
Q5354906,67
Q184937,67
Q16964284,67
Q177716,67
Q693827,67
Q3068523,66
Q14859673,66
Q104549533,66
Q1742093,65
Q339180,64
Q212930,64
Q877353,64
Q22276038,64
Q12311825,63
Q110716513,62
Q17317594,62
Q997267,62
Q47566,61
Q2903538,61
Q8454,61
Q182103,61
Q105967897,61
Q3587148,61
Q786803,60
Q511866,60
Q1198521,60
Q876274,60
Q5791104,59
Q1364310,59
Q7311342,59
Q109413679,58
Q15283424,58
Q24714461,58
Q1311060,57
Q26001216,57
Q476078,57
Q145179,56
Q26252263,56
Q897797,55
Q3586831,55
Q22162827,54
Q1323212,54
Q1219394,54
Q22266624,53
Q22266709,53
Q61039291,52
Q1546073,52
Q1077012,52
Q56185179,51
Q22160401,51
Q13454063,51
Q51879476,51
Q11267645,50
Q48426334,50
Q16939528,50
Q1413045,50
Q697852,50
Q4117949,49
Q4343,49
Q1333366,49
Q1900755,48
Q1185865,48
Q36963,47
Q25343628,47
Q69405214,47
Q22284407,47
Q5354734,47
Q61964017,47
Q856568,46
Q19710423,46
Q68800046,46
Q6539177,46
Q28963415,46
Q64001169,46
Q2515494,46
Q11519624,46
Q108390245,46
Q95723,45
Q849095,45
Q61200261,45
Q194489,45
Q1064904,44
Q26001214,44
Q24406303,44
Q26260402,43
Q14820680,43
Q22160105,43
Q107343049,43
Q14083,43
Q3722420,43
Q25893885,42
Q6813020,42
Q5828421,42
Q54086790,42
Q3586948,42
Q26001215,42
Q1620824,42
Q22275982,42
Q21994376,41
Q2533468,41
Q832003,41
Q1482264,41
Q13427116,41
Q18711682,41
Q2055205,41
Q1155622,41
Q3586936,40
Q208041,40
Q106793561,40
Q92320983,39
Q2916183,39
Q92320908,39
Q1827102,39
Q92321112,39
Q92321117,39
Q107974527,38
Q4308,38
Q22276080,38
Q25917186,38
Q3586944,38
Q1194269,38
Q2112448,38
Q22696329,38
Q1156811,38
Q15631336,38
Q50877551,37
Q4321,37
Q42750320,37
Q215495,37
Q1124012,37
Q1760295,37
Q25448839,37
Q56298091,37
Q28649370,36
Q4861943,36
Q26001232,36
Q54856399,36
Q6516179,36
Q8027003,36
Q493016,36
Q25343631,36
Q75951701,36
Q14509381,35
Q1522225,35
Q24558942,35
Q191830,35
Q26206570,35
Q22280976,35
Q47516525,35
Q272281,35
Q22266583,34
Q16985745,34
Q11396408,34
Q56378186,34
Q22275938,34
Q92482719,33
Q92480586,33
Q2406205,33
Q63117399,33
Q22695893,33
Q92482708,33
Q1147337,33
Q92475919,33
Q14865154,33
Q2943071,33
Q92402259,33
Q92480584,33
Q209715,32
Q20180855,32
Q24410897,32
Q26001209,32
Q22695896,32
Q24713744,32
Q18248981,32
Q7834360,32
Q1348385,32
Q218010,32
Q24713572,32
Q2100614,32
Q26001210,32
Q28333164,32
Q2731728,32
Q8445,31
Q26001212,31
Q2116256,31
Q41521,31
Q22266213,31
Q944780,31
Q49845,31
Q85547059,31
Q3586928,31
Q59633182,31
Q646740,30
Q2527950,30
Q15078648,30
Q16973098,30
Q467033,30
Q187776,30
Q890055,30
Q763256,30
Q205585,29
Q7558104,29
Q15747939,29
Q1929372,29
Q24714393,29
Q3587397,29
Q1074121,29
Q24618255,28
Q99659193,28
Q7833114,28
Q19841484,28
Q6518201,28
Q3586952,28
Q2763,28
Q1570656,28
Q4228029,28
Q331814,28
Q22268901,28
Q7888355,28
Q20639925,27
Q22269206,27
Q92482728,27
Q106691665,27
Q28966115,27
Q17317625,27
Q92480588,27
Q7157512,27
Q1061648,27
Q1083662,27
Q56583453,27
Q643292,27
Q2920604,27
Q8294850,27
Q25343622,27
Q3307578,27
Q54643580,27
Q1504429,27
Q716176,27
Q216169,27
Q2478315,27
Q50378760,27
Q3882220,27
Q52362967,27
Q3966286,26
Q2439355,26
Q4390543,26
Q22338592,26
Q88178910,26
Q26001221,26
Q59108305,26
Q2334804,26
Q146071,26
Q22333900,26
Q231455,26
Q244696,26
Q747699,25
Q26001234,25
Q22980727,25
Q11267647,25
Q952064,25
Q4289143,25
Q633954,25
Q24713040,25
Q24659965,25
Q1403016,25
Q154278,25
Q1006311,25
Q2993180,25
Q110886488,25
Q8030526,25
Q480498,24
Q26001211,24
Q44481679,24
Q1188852,24
Q18287076,24
Q1006573,24
Q26001229,24
Q926331,23
Q832435,23
Q25289192,23
Q14373,23
Q26001222,23
Q24177311,23
Q18285098,23
Q22696407,23
Q24181434,23
Q20081142,23
Q22669535,23
Q14523556,23
Q153564,22
Q22281036,22
Q24713353,22
Q267298,22
Q26001217,22
Q26001231,22
Q2415599,22
Q26001233,22
Q537151,22
Q43060,22
Q22276264,22
Q9305214,22
Q109860353,22
Q114953,21
Q15908445,21
Q47484406,21
Q1007356,21
Q680838,21
Q24566658,21
Q22669642,21
Q25467156,21
Q10638581,21
Q2558569,21
Q25343648,21
Q22703240,21
Q5643,21
Q93190,21
Q12068123,21
Q24706075,21
Q994741,21
Q506259,21
Q22330922,21
Q5518656,21
Q106093190,21
Q25548021,21
Q5518574,21
Q183482,20
Q24660195,20
Q25534775,20
Q8572111,20
Q1499496,20
Q56296559,20
Q16969721,20
Q22704005,20
Q25532438,20
Q22338585,20
Q64796768,20
Q12778795,20
Q8010,20
Q187997,20
Q11547135,20
Q109502248,19
Q752673,19
Q2783852,19
Q896995,19
Q22695905,19
Q361047,19
Q24576690,19
Q42303986,19
Q5019056,19
Q7057066,19
Q11650194,19
Q24715318,19
Q5176895,19
Q191503,19
Q97016907,19
Q12323704,19
Q483279,19
Q90285444,19
Q4676786,19
Q54097983,19
Q1449918,19
Q22703997,19
Q361909,19
Q14905514,19
Q92482736,18
Q30880545,18
Q15334281,18
Q7417064,18
Q26001213,18
Q24713657,18
Q42406391,18
Q7251589,18
Q25367968,18
Q25363518,18
Q375102,18
Q25548020,18
Q92480589,18
Q24332812,18
Q7963798,18
Q25548647,18
Q22276331,18
Q5456252,18
Q7593363,18
Q54445847,18
Q22283753,18
Q25343650,18
Q814491,18
Q100580950,18
Q178843,18
Q2912528,18
Q651476,18
Q30178840,18
Q25363097,17
Q98381912,17
Q3587147,17
Q25449075,17
Q26001228,17
Q610038,17
Q1260046,17
Q61605094,17
Q1403377,17
Q22696377,17
Q26805735,17
Q24718981,17
Q22341286,17
Q22669585,17
Q329525,17
Q24714562,17
Q1447463,17
Q11396401,17
Q98144562,17
Q7185370,17
Q11220294,17
Q20739115,17
Q14516417,16
Q28934204,16
Q1472255,16
Q24178659,16
Q22703992,16
Q5645760,16
Q24715089,16
Q22669606,16
Q6423494,16
Q105611,16
Q22160112,16
Q2192508,16
Q10846717,16
Q24715171,16
Q24180344,16
Q25530138,16
Q780417,16
Q25343327,16
Q2141830,16
Q1054782,16
Q728265,16
Q2140646,16
Q7829682,15
Q5300066,15
Q1189842,15
Q3587386,15
Q1814351,15
Q6073630,15
Q4861618,15
Q16993367,15
Q15231127,15
Q4973708,15
Q17094485,15
Q2996078,15
Q25477438,15
Q7568703,15
Q98381855,15
Q1562095,15
Q3586860,15
Q5025826,15
Q6481463,15
Q5456254,15
Q16998864,15
Q11287,15
Q6391510,15
Q5377332,15
Q6084407,15
Q5657629,15
Q5683838,15
Q3081320,15
Q499814,15
Q5189716,15
Q3305019,15
Q16995693,15
Q22275878,15
Q5021202,15
Q6537337,15
Q4861057,15
Q7446128,15
Q18620277,15
Q4961598,15
Q7966607,15
Q6820741,15
Q7967318,15
Q1384277,15
Q11079230,15
Q7571176,15
Q25534840,15
Q5527173,15
Q15146717,15
Q1570153,15
Q7995739,15
Q22696383,15
Q22696274,14
Q104776655,14
Q24567296,14
Q24176345,14
Q14865157,14
Q251741,14
Q22695898,14
Q5637384,14
Q160598,14
Q26913948,14
Q177253,14
Q1433891,14
Q651658,14
Q25546358,14
Q22342211,14
Q60676589,14
Q7331066,14
Q48970589,14
Q7048891,14
Q22343980,14
Q184940,14
Q42486,14
Q19845322,14
Q7305510,14
Q220695,14
Q106690408,14
Q318702,14
Q22342927,14
Q22669601,13
Q5666613,13
Q22669632,13
Q5913321,13
Q2139567,13
Q22276119,13
Q22283539,13
Q4899805,13
Q22341433,13
Q514989,13
Q18575573,13
Q911924,13
Q15273379,13
Q3075355,13
Q557728,13
Q5763312,13
Q24718627,13
Q43325366,13
Q7989235,13
Q7918434,13
Q21106447,13
Q22341275,13
Q22669381,13
Q47069668,13
Q7650353,13
Q22276316,13
Q22669531,13
Q9158,13
Q22341330,13
Q2902809,13
Q23007305,13
Q7078911,13
Q80895,13
Q977367,13
Q21100839,13
Q11931634,13
Q5325494,13
Q28333430,13
Q328376,13
Q51159758,13
Q22342957,13
Q7989796,13
Q118322,13
Q21540023,13
Q6501319,13
Q1365703,13
Q15334263,12
Q22276298,12
Q918448,12
Q2938159,12
Q52348036,12
Q17005145,12
Q24182685,12
Q17276616,12
Q5124698,12
Q3587589,12
Q11487748,12
Q1067715,12
Q24529773,12
Q2243695,12
Q22704041,12
Q379605,12
Q106690375,12
Q16361747,12
Q818545,12
Q4281830,12
Q3518201,12
Q22696370,12
Q106978510,12
Q81859300,12
Q22276186,12
Q3586838,12
Q3305194,12
Q22330752,12
Q17056702,12
Q1760704,12
Q22669525,12
Q5782934,12
Q10271606,12
Q22266214,12
Q22669513,12
Q24176296,12
Q22442768,12
Q25467527,12
Q24179666,12
Q15788,12
Q25369324,12
Q7061379,12
Q65962109,12
Q8774346,12
Q11918772,12
Q22696400,11
Q22442774,11
Q1144784,11
Q582956,11
Q22342918,11
Q30572165,11
Q22343924,11
Q715695,11
Q14872727,11
Q293849,11
Q14920473,11
Q24568879,11
Q22669528,11
Q1156016,11
Q22669521,11
Q25546854,11
Q1093833,11
Q1897017,11
Q22669611,11
Q109622963,11
Q572664,11
Q459555,11
Q22269349,11
Q106171319,11
Q1342425,11
Q42681239,11
Q22669625,11
Q24178042,11
Q3070242,11
Q5827551,11
Q22696395,11
Q37942728,11
Q10271596,11
Q25448932,11
Q72850604,11
Q1196663,11
Q10567262,11
Q6541336,11
Q23058942,11
Q25343621,11
Q947859,11
Q22333190,10
Q22669603,10
Q98741945,10
Q32680449,10
Q106484373,10
Q15931405,10
Q2393012,10
Q4128600,10
Q5312035,10
Q24183035,10
Q5115542,10
Q22669582,10
Q848960,10
Q22341320,10
Q11453,10
Q11499052,10
Q13012970,10
Q5601809,10
Q22333025,10
Q22342312,10
Q17014215,10
Q25369215,10
Q6348103,10
Q3587380,10
Q7579940,10
Q6415764,10
Q61952495,10
Q22330909,10
Q41708957,10
Q2908804,10
Q22330839,10
Q22276155,10
Q22160120,10
Q85547214,10
Q22269333,10
Q5894489,10
Q29054285,10
Q6980735,10
Q22341315,10
Q7544035,10
Q1725370,10
Q5827491,10
Q837999,10
Q23688115,10
Q5827419,10
Q25367878,9
Q745316,9
Q692412,9
Q2447975,9
Q1963768,9
Q19801853,9
Q7370451,9
Q1781367,9
Q22669480,9
Q791974,9
Q22669594,9
Q22276208,9
Q65085460,9
Q88869722,9
Q452440,9
Q24712693,9
Q71989553,9
Q22276008,9
Q97368680,9
Q14957210,9
Q97595211,9
Q574456,9
Q109733629,9
Q54882043,9
Q845477,9
Q379738,9
Q74570489,9
Q104705174,9
Q97487177,9
Q22669621,9
Q916412,9
Q110550201,9
Q488526,8
Q811891,8
Q106691645,8
Q2839017,8
Q22160593,8
Q28406203,8
Q22696414,8
Q22276226,8
Q94606984,8
Q27406,8
Q3586559,8
Q22669591,8
Q464122,8
Q1458216,8
Q7307171,8
Q5465517,8
Q25455090,8
Q22669526,8
Q25343642,8
Q22669547,8
Q94466676,8
Q5400895,8
Q3119160,8
Q24452127,8
Q896903,8
Q2551228,8
Q94449970,8
Q93557741,8
Q31836586,8
Q915196,8
Q185943,8
Q1198478,8
Q119094,8
Q12778811,8
Q40692185,8
Q25438796,8
Q8960966,8
Q23498202,8
Q1135604,8
Q5420038,8
Q383187,8
Q97358680,8
Q28455120,8
Q20102321,8
Q4533514,8
Q1747184,8
Q109936365,8
Q22333685,8
Q10932402,8
Q187510,8
Q3107744,8
Q467938,8
Q122119,8
Q14860824,8
Q22669618,8
Q22333339,8
Q41222493,8
Q5295526,8
Q22342947,8
Q14626453,8
Q20986437,8
Q326259,8
Q207842,8
Q39049892,8
Q11481825,8
Q1339582,7
Q886568,7
Q12406392,7
Q42378719,7
Q45386330,7
Q61037771,7
Q14905129,7
Q204933,7
Q94609398,7
Q94456180,7
Q5523292,7
Q94553400,7
Q4493539,7
Q94683284,7
Q94609435,7
Q671832,7
Q6784016,7
Q663296,7
Q94184448,7
Q2986234,7
Q93455943,7
Q1058791,7
Q94684262,7
Q93559266,7
Q420474,7
Q92282907,7
Q93462300,7
Q94330804,7
Q545861,7
Q94607074,7
Q197961,7
Q7281191,7
Q1668049,7
Q92313829,7
Q22283516,7
Q24180038,7
Q1522772,7
Q910817,7
Q94340605,7
Q93154810,7
Q94602741,7
Q94572597,7
Q93455815,7
Q22342178,7
Q94566760,7
Q92282909,7
Q94328268,7
Q211382,7
Q94566909,7
Q93462304,7
Q17301632,7
Q8191556,7
Q3394581,7
Q47762931,7
Q107238003,7
Q25468000,7
Q94334991,7
Q93155836,7
Q2564783,7
Q94572595,7
Q6501095,7
Q61728467,7
Q103470847,7
Q94602898,7
Q42915628,7
Q599170,7
Q41118032,7
Q94553391,7
Q93558099,7
Q94184446,7
Q5420046,7
Q94456115,7
Q94343868,7
Q22290356,7
Q94343874,7
Q142824,7
Q92312582,7
Q93559180,7
Q998426,7
Q1392762,7
Q110805611,7
Q98745410,7
Q2442510,7
Q16975945,7
Q3774758,6
Q93559482,6
Q94679999,6
Q1363768,6
Q94694462,6
Q22328415,6
Q10271630,6
Q9637047,6
Q94694487,6
Q22280876,6
Q2308614,6
Q192270,6
Q3551559,6
Q5157579,6
Q46999986,6
Q94694933,6
Q22704045,6
Q668984,6
Q18591647,6
Q7631769,6
Q1949797,6
Q1303061,6
Q7245793,6
Q21213179,6
Q10712098,6
Q107357080,6
Q93251355,6
Q1243001,6
Q94679811,6
Q10397683,6
Q17437818,6
Q94674325,6
Q24715377,6
Q63993400,6
Q2977046,6
Q21100317,6
Q94674229,6
Q105832563,6
Q110164298,6
Q94440695,6
Q3631225,6
Q218455,6
Q60527676,6
Q94635295,6
Q91908604,6
Q621076,6
Q18009934,6
Q22342180,6
Q52045923,6
Q1753200,6
Q24451601,6
Q14872721,6
Q3354777,6
Q93558289,6
Q94683604,6
Q75476195,6
Q94694792,6
Q4378075,6
Q24176839,6
Q25531251,6
Q22669427,6
Q94614602,6
Q820355,6
Q796919,6
Q94684504,6
Q24719004,6
Q93306595,6
Q22276354,6
Q1734134,6
Q1147660,6
Q26208318,6
Q5354870,6
Q922853,6
Q30344536,6
Q106125986,6
Q7157511,6
Q25369733,6
Q203607,6
Q864113,6
Q33103999,6
Q14863067,6
Q196431,6
Q22280897,6
Q17450153,6
Q134211,6
Q256905,6
Q94694551,6
Q3919228,6
Q94694569,6
Q94466778,6
Q45311841,6
Q8452,6
Q5978114,6
Q94635434,6
Q4128699,6
Q6857862,6
Q10660882,6
Q104676100,6
Q58815974,6
Q106638042,6
Q104212151,6
Q5954576,6
Q100938499,5
Q94450051,5
Q152263,5
Q9026907,5
Q28545697,5
Q5690823,5
Q14864709,5
Q24384357,5
Q20730691,5
Q17422,5
Q11202642,5
Q94440678,5
Q103495,5
Q13424445,5
Q34581,5
Q2203769,5
Q21972891,5
Q45311815,5
Q34168,5
Q20826063,5
Q3020761,5
Q21095109,5
Q63247926,5
Q41707512,5
Q93559484,5
Q13573188,5
Q19803127,5
Q25530424,5
Q65295049,5
Q32361,5
Q11422542,5
Q21175615,5
Q6149896,5
Q50295027,5
Q516739,5
Q863941,5
Q196092,5
Q8228287,5
Q105151488,5
Q17455048,5
Q2530926,5
Q4176199,5
Q64778850,5
Q14276938,5
Q339452,5
Q7241485,5
Q18693936,5
Q31157300,5
Q102600679,5
Q106129117,5
Q624140,5
Q21761006,5
Q1136456,5
Q99748589,5
Q24183876,5
Q159505,5
Q14914926,5
Q184753,5
Q61949333,5
Q44906,5
Q52253007,5
Q3118325,5
Q19354904,5
Q15047343,5
Q187668,5
Q1550182,5
Q94614685,5
Q60740186,5
Q3423767,5
Q24718538,5
Q25531065,5
Q22703975,5
Q2371837,5
Q22669552,5
Q485644,5
Q1020052,5
Q129172,5
Q27030844,5
Q93636179,5
Q11642516,5
Q68557071,5
Q30337878,5
Q849944,5
Q22004151,5
Q25495,5
Q2324975,5
Q657438,5
Q22119581,5
Q1572731,5
Q25532583,5
Q4698967,5
Q1123131,5
Q358576,5
Q20085071,5
Q93306847,5
Q56188162,5
Q10277595,5
Q2694643,5
Q693004,5
Q11598585,5
Q1425942,5
Q93558491,5
Q26260699,4
Q50870824,4
Q178803,4
Q5378545,4
Q18156020,4
Q17053528,4
Q24715411,4
Q11499675,4
Q21142718,4
Q100136951,4
Q39086217,4
Q529938,4
Q207703,4
Q699417,4
Q37807168,4
Q21213456,4
Q109682730,4
Q24045394,4
Q48767773,4
Q20199086,4
Q18603647,4
Q27044174,4
Q11233438,4
Q110009802,4
Q1037755,4
Q3178478,4
Q12306381,4
Q131406,4
Q15725976,4
Q1295558,4
Q27030777,4
Q25343640,4
Q25476356,4
Q26936080,4
Q2935206,4
Q664017,4
Q3497179,4
Q422635,4
Q811531,4
Q838781,4
Q329777,4
Q60845736,4
Q375727,4
Q2047484,4
Q741867,4
Q979949,4
Q27150036,4
Q892757,4
Q63980799,4
Q781384,4
Q3771751,4
Q25535282,4
Q866210,4
Q49390,4
Q1475448,4
Q4112083,4
Q1392593,4
Q7292715,4
Q24659969,4
Q25367811,4
Q24183631,4
Q1076426,4
Q17355126,4
Q28795800,4
Q4382012,4
Q2296401,4
Q27653727,4
Q1642263,4
Q47466753,4
Q13587273,4
Q66975460,4
Q65205682,4
Q803599,4
Q85811481,4
Q11480750,4
Q109622962,4
Q68691239,4
Q54856428,4
Q853735,4
Q705157,4
Q1975745,4
Q2345820,4
Q75171163,4
Q3502977,4
Q6630631,4
Q5354600,4
Q56188227,4
Q1963679,4
Q655843,4
Q1412362,4
Q60794334,4
Q203290,4
Q101246147,4
Q1615460,4
Q5683226,4
Q1270515,4
Q1932471,4
Q105966326,4
Q55426935,3
Q42767,3
Q152074,3
Q4876601,3
Q4422352,3
Q12546,3
Q13538715,3
Q2039061,3
Q11163656,3
Q180253,3
Q7639752,3
Q693026,3
Q2691275,3
Q22337503,3
Q1230779,3
Q25476949,3
Q99936926,3
Q159377,3
Q1498464,3
Q1371470,3
Q2001775,3
Q55582088,3
Q829492,3
Q15144437,3
Q63088934,3
Q1198713,3
Q63088843,3
Q10405656,3
Q24179252,3
Q15825471,3
Q6664348,3
Q12089136,3
Q838364,3
Q3737914,3
Q1361661,3
Q5372544,3
Q61037469,3
Q74516302,3
Q105113660,3
Q1751831,3
Q7023411,3
Q2508813,3
Q3722602,3
Q109852002,3
Q17310301,3
Q3346925,3
Q162528,3
Q63088829,3
Q110205265,3
Q86935657,3
Q51645,3
Q7210349,3
Q373557,3
Q1427114,3
Q94590779,3
Q42685104,3
Q3359592,3
Q2235125,3
Q760037,3
Q79077079,3
Q172336,3
Q30588142,3
Q24292618,3
Q28038924,3
Q3827292,3
Q131359,3
Q1061047,3
Q97594670,3
Q11081100,3
Q98593889,3
Q1192114,3
Q2300237,3
Q356125,3
Q24039263,3
Q17157301,3
Q96203973,3
Q843610,3
Q2385043,3
Q11279175,3
Q22341298,3
Q4927953,3
Q109935409,3
Q107635454,3
Q476883,3
Q1428200,3
Q105580505,3
Q6452193,3
Q3586558,3
Q12311704,3
Q61221204,3
Q45333534,3
Q22947792,3
Q30579807,3
Q2822895,3
Q17052147,3
Q1187930,3
Q1423069,3
Q1935609,3
Q481394,3
Q100327107,3
Q1172928,3
Q1070938,3
Q21120741,3
Q240532,3
Q92208217,3
Q60743413,3
Q1518054,3
Q49637768,3
Q2916312,3
Q25544454,3
Q885506,3
Q500415,3
Q99654400,3
Q12131669,3
Q14904931,3
Q455444,3
Q29054308,3
Q539241,3
Q13102763,3
Q14907989,3
Q22341339,3
Q1937612,3
Q14912755,3
Q4936615,3
Q40745,3
Q283534,3
Q5422235,3
Q2715405,3
Q2889084,3
Q18698522,3
Q1325214,3
Q350871,3
Q61943417,3
Q1331684,3
Q311255,3
Q98543681,3
Q97154189,3
Q68103526,3
Q63165826,3
Q5657173,3
Q56325988,3
Q2217303,3
Q72846320,3
Q2640178,3
Q2269280,3
Q106215748,3
Q1443064,2
Q7162621,2
Q109935543,2
Q94464365,2
Q5282797,2
Q11589683,2
Q2996400,2
Q2731013,2
Q94461968,2
Q106561513,2
Q68833,2
Q493177,2
Q59009655,2
Q388924,2
Q677859,2
Q899079,2
Q14042845,2
Q199582,2
Q440311,2
Q2345910,2
Q63088967,2
Q94462023,2
Q109935648,2
Q4886918,2
Q975595,2
Q3586832,2
Q846996,2
Q57262267,2
Q1548025,2
Q65549814,2
Q830494,2
Q22669627,2
Q106006806,2
Q10859257,2
Q371008,2
Q21105895,2
Q24541623,2
Q94464422,2
Q17047513,2
Q93395449,2
Q5526351,2
Q94176089,2
Q759117,2
Q39087739,2
Q3505252,2
Q166019,2
Q1060062,2
Q91280428,2
Q10931495,2
Q108809873,2
Q832107,2
Q1183753,2
Q25377091,2
Q7489559,2
Q7335248,2
Q789344,2
Q2751242,2
Q426394,2
Q352796,2
Q6517480,2
Q1075020,2
Q1208212,2
Q26753894,2
Q5500839,2
Q1073579,2
Q3406090,2
Q7627882,2
Q814290,2
Q880637,2
Q1249076,2
Q1361457,2
Q77597785,2
Q1048584,2
Q80111632,2
Q26269133,2
Q22290330,2
Q25534427,2
Q1295912,2
Q30323964,2
Q216033,2
Q56514238,2
Q100332920,2
Q376596,2
Q328475,2
Q2508200,2
Q917186,2
Q913939,2
Q7539194,2
Q11394707,2
Q7450629,2
Q3586834,2
Q42832982,2
Q62730040,2
Q4354526,2
Q3235597,2
Q20018725,2
Q2267081,2
Q3997825,2
Q1371297,2
Q202018,2
Q93430598,2
Q15820347,2
Q15120872,2
Q94179811,2
Q6878284,2
Q3518511,2
Q6004963,2
Q4892460,2
Q108509955,2
Q210603,2
Q1154693,2
Q1411690,2
Q94620977,2
Q80623762,2
Q5179131,2
Q27242623,2
Q7242032,2
Q361863,2
Q2279967,2
Q3275749,2
Q5905214,2
Q7584266,2
Q1416898,2
Q154494,2
Q55064642,2
Q6000508,2
Q2443004,2
Q14820652,2
Q753811,2
Q109935680,2
Q2325252,2
Q23058941,2
Q28870211,2
Q21133324,2
Q94175988,2
Q21105288,2
Q431226,2
Q1470138,2
Q1658150,2
Q354091,2
Q6982006,2
Q28100410,2
Q700063,2
Q2431020,2
Q63088929,2
Q205572,2
Q905972,2
Q6901292,2
Q17329819,2
Q110701,2
Q7209603,2
Q14891588,2
Q152523,2
Q725864,2
Q3118387,2
Q94620942,2
Q109935605,2
Q912996,2
Q14882482,2
Q11371169,2
Q369799,2
Q26205842,2
Q54868442,2
Q107353247,2
Q11682254,2
Q2412191,2
Q10855380,2
Q454935,2
Q70597985,2
Q333495,2
Q94179568,2
Q17363717,2
Q2464727,2
Q30545022,2
Q99026520,2
Q29959475,2
Q754806,2
Q846773,2
Q29502,2
Q7918620,2
Q22442788,2
Q14897639,2
Q7013332,2
Q165233,2
Q5455087,2
Q5354776,2
Q257437,2
Q751967,2
Q101874706,2
Q97451302,2
Q16002194,2
Q43792381,2
Q2172087,2
Q3354924,2
Q178930,2
Q3812488,2
Q14864581,2
Q23582374,2
Q108702572,2
Q900214,2
Q11486634,2
Q245169,2
Q17074907,2
Q109935560,2
Q7883019,2
Q836086,2
Q7234317,2
Q17354233,2
Q109935517,2
Q756202,2
Q235041,2
Q93395542,2
Q5495352,2
Q898242,2
Q1415084,2
Q19606784,2
Q430660,2
Q12038591,2
Q110886414,2
Q1782935,2
Q54877479,2
Q4130124,2
Q60021471,2
Q3922366,2
Q1628553,2
Q15923787,2
Q30020409,2
Q1373538,2
Q10460910,2
Q2822717,2
Q4315979,2
Q2791470,2
Q625903,2
Q51687506,1
Q13363321,1
Q5000589,1
Q321654,1
Q51159762,1
Q2242213,1
Q63214346,1
Q13393124,1
Q4752816,1
Q21103114,1
Q27494565,1
Q182639,1
Q4070685,1
Q7302881,1
Q4504516,1
Q6317275,1
Q65770905,1
Q4958902,1
Q56024035,1
Q1480879,1
Q1440340,1
Q2715541,1
Q4055822,1
Q48802726,1
Q24534551,1
Q1518315,1
Q13896240,1
Q107636079,1
Q2280140,1
Q2599494,1
Q108172332,1
Q6851831,1
Q7674068,1
Q2264757,1
Q19914514,1
Q640954,1
Q5194982,1
Q1546421,1
Q6982012,1
Q108131727,1
Q62955,1
Q193211,1
Q788874,1
Q3587621,1
Q24518,1
Q5053154,1
Q1378945,1
Q13859551,1
Q133333,1
Q47487415,1
Q14912535,1
Q1255251,1
Q40693969,1
Q7573033,1
Q841440,1
Q498182,1
Q40795688,1
Q721668,1
Q5570217,1
Q56024038,1
Q11926032,1
Q5354796,1
Q861345,1
Q2094798,1
Q6004969,1
Q145658,1
Q45803,1
Q41071806,1
Q2276065,1
Q3043499,1
Q100350675,1
Q4936774,1
Q21120112,1
Q76647964,1
Q85443050,1
Q16874630,1
Q135005,1
Q3560882,1
Q11362482,1
Q63088922,1
Q1730207,1
Q1728972,1
Q100921020,1
Q426507,1
Q2265780,1
Q35647389,1
Q8000914,1
Q836738,1
Q7635378,1
Q64827016,1
Q21107275,1
Q24574680,1
Q264136,1
Q752304,1
Q3435775,1
Q490513,1
Q663273,1
Q8038643,1
Q1309627,1
Q843418,1
Q80042,1
Q3537859,1
Q80593337,1
Q105030159,1
Q228036,1
Q863452,1
Q182722,1
Q1463565,1
Q3064816,1
Q641449,1
Q106453584,1
Q1545308,1
Q467064,1
Q1616353,1
Q3586949,1
Q3621156,1
Q1790538,1
Q112663,1
Q727746,1
Q896739,1
Q7314673,1
Q85821037,1
Q15466187,1
Q2615857,1
Q29934288,1
Q4732580,1
Q650702,1
Q97451648,1
Q99496989,1
Q201424,1
Q66372313,1
Q51172766,1
Q1797869,1
Q1210697,1
Q20053795,1
Q878138,1
Q2640883,1
Q14863965,1
Q106223176,1
Q5453341,1
Q869370,1
Q1176224,1
Q56024043,1
Q7232516,1
Q2345115,1
Q60030312,1
Q19396147,1
Q724784,1
Q1686810,1
Q14906653,1
Q491502,1
Q56461743,1
Q7523802,1
Q91476283,1
Q27277581,1
Q1292614,1
Q1154933,1
Q14865026,1
Q76289061,1
Q56024041,1
Q2681162,1
Q5255897,1
Q4830211,1
Q5655230,1
Q21112023,1
Q4895359,1
Q17747594,1
Q14888944,1
Q109935583,1
Q4788547,1
Q2739113,1
Q10685476,1
Q4411107,1
Q20940236,1
Q233288,1
Q385545,1
Q11555358,1
Q108863993,1
Q107622168,1
Q190940,1
Q68431138,1
Q5025632,1
Q4825093,1
Q17142966,1
Q5155573,1
Q8683,1
Q11445559,1
Q174876,1
Q14911651,1
Q29573182,1
Q1321697,1
Q25810859,1
Q2008811,1
Q13400856,1
Q22288342,1
Q21141820,1
Q231577,1
Q699353,1
Q7017567,1
Q105103353,1
Q5883983,1
Q1959141,1
Q57262261,1
Q105587404,1
Q40083508,1
Q16533779,1
Q69423649,1
Q22341340,1
Q1716571,1
Q3390934,1
Q1423039,1
Q781757,1
Q2254427,1
Q22290559,1
Q7835240,1
Q97124825,1
Q3400581,1
Q7099379,1
Q5666435,1
Q11252537,1
Q3187082,1
Q109127478,1
Q7801532,1
Q22288542,1
Q1276245,1
Q17332629,1
Q5176896,1
Q3458196,1
Q360372,1
Q339249,1
Q172560,1
Q21096291,1
Q654117,1
Q74595662,1
Q358805,1
Q751982,1
Q1321523,1
Q939087,1
Q11479931,1
Q849211,1
Q743488,1
Q1415275,1
Q2255532,1
Q22290457,1
Q758824,1
Q23036198,1
Q7883956,1
Q207238,1
Q384724,1
Q3587334,1
Q6983400,1
Q14860549,1
Q29584728,1
Q104741931,1
Q7865904,1
Q13427130,1
Q5533440,1
Q1046469,1
Q21122752,1
Q14819456,1
Q3508866,1
Q1435124,1
Q104479499,1
Q77257857,1
Q97292900,1
Q56024040,1
Q25047808,1
Q11487759,1
Q685160,1
Q6026954,1
Q12056872,1
Q21121866,1
Q622377,1
Q22290644,1
Q651172,1
Q4923444,1
Q7897003,1
Q851758,1
Q6037238,1
Q331828,1
Q43290857,1
Q232777,1
Q7311547,1
Q5354847,1
Q834550,1
Q24041602,1
Q1344887,1
Q11936732,1
Q6538366,1
Q14882487,1
Q46048144,1
Q22288394,1
Q6056346,1
Q497426,1
Q9848046,1
Q506616,1
Q2369404,1
Q942040,1
Q54257384,1
Q14820674,1
Q303764,1
Q4976857,1
Q4775204,1
Q4916653,1
Q22288546,1
Q1574438,1
Q319771,1
Q11424403,1
Q25547854,1
Q195986,1
Q97451722,1
Q66087801,1
Q2994156,1
Q107011713,1
Q1256803,1
Q11514338,1
Q44595,1
Q1540534,1
Q1778555,1
Q1971354,1
Q4698279,1
Q110453684,1
Q74212708,1
Q42266247,1
Q17772965,1
Q3045365,1
Q3335066,1
Q16235120,1
Q1983893,1
Q2247281,1
Q28966106,1
Q490846,1
Q100799210,1
Q45385407,1
Q21074304,1
Q14819302,1
Q7622661,1
Q96747290,1
Q28870409,1
Q753108,1
Q2353190,1
Q1342132,1
Q61658758,1
Q13377609,1
Q105807,1
Q61858413,1
Q10280357,1
Q11424431,1
Q3735153,1
Q5164285,1
Q16935379,1
Q903900,1
Q3531620,1
Q5307895,1
Q3087867,1
Q184726,1
Q386899,1
Q3306321,1
Q100159,1
Q2548750,1
Q16965421,1
Q21119857,1
Q13414782,1
Q1432247,1
Q2105834,1
Q846330,1
Q7328304,1
Q746694,1
Q26338179,1
Q22290558,1
Q1071447,1
Q24910170,1
Q1469686,1
Q14863664,1
Q56024037,1
Q11631566,1
Q1239532,1
Q6038651,1
Q107654488,1
Q105992668,1
Q1525203,1
Q69445139,1
Q1141338,1
Q22290375,1
Q2891821,1
Q244913,1
Q794587,1
Q105370834,1
Q2142916,1
Q60364778,1
Q25544724,1
Q60727631,1
Q3569648,1
Q6014156,1
Q98915706,1
Q13431749,1
Q99521170,1
Q56024042,1
Q3309962,1
Q4804181,1
Q336254,1
Q1929797,1
Q19804654,1
Q1385398,1
Q56023992,1
Q1395855,1
Q14864012,1
Q79695687,1
Q18609332,1
Q694381,1
Q56291730,1
Q84035267,1
Q1456466,1
Q1047367,1
Q251484,1
Q170518,1
Q11659306,1
Q1577470,1
Q21100393,1
Q8034237,1
Q55166859,1
Q127441,1
Q7854874,1
Q320677,1
Q1527693,1
Q56024039,1
Q7248067,1
Q1750740,1
Q877592,1
Q14902523,1
Q37681,1
Q56704157,1
Q245,1
Q10271510,1
Q16068932,1
Q56604477,1
Q56318145,1
Q93763662,1
Q211011,1
Q65245831,1
Q15857735,1
Q181784,1
Q2234635,1
Q3587369,1
Q24887191,1
Q12039372,1
Q108828376,1
Q2514015,1
Q86667968,1
Q105938904,1
Q89822180,1
Q10851365,1
Q109311521,1
Q11614282,1
Q1992300,1
Q107976231,1
Q2306789,1
Q104180885,1
Q28224582,1
Q60997348,1
Q70997756,1
Q57821094,1
Q6821213,1
Q94579027,1
Q12051532,1
Q4346052,1
Q56318101,1
Q3340886,1
Q57819011,1
Q2787772,1
Q102124796,1
Q101048164,1
Q11875820,1
Q28784073,1
Q20180685,1
Q705080,1
Q9264560,1
Q2015202,1
Q55630875,1
Q11827307,1
Q105766104,1
Q50291818,1
Q3072498,1
Q3420130,1
Q30928406,1
Q2015594,1
Q102121362,1
Q2266789,1
Q4077390,1
Q11604367,1
Q1592969,1
Q2531579,1
Q5827809,1
Q20820058,1
Q30020460,1
Q2899221,1
Q305918,1