class,subclass
Q273120,Q273120
Q273120,Q47217
Q273120,Q49776
Q273120,Q124757
Q273120,Q175331
Q273120,Q422635
Q273120,Q506259
Q273120,Q685160
Q273120,Q780417
Q273120,Q903900
Q273120,Q1679887
Q273120,Q2255532
Q273120,Q5176895
Q273120,Q7251589
Q273120,Q15466187
Q273120,Q15631336
Q273120,Q42685104
Q273120,Q81859300
Q273120,Q100332920
Q273120,Q528892
Q273120,Q1937612
Q273120,Q14523556
Q273120,Q49775
Q273120,Q1198713
Q273120,Q1480879
Q273120,Q3118387
Q273120,Q7245793
Q273120,Q511866
Q273120,Q1751831
Q273120,Q2920604
Q273120,Q3588250
Q273120,Q5465517
Q273120,Q7209603
Q273120,Q7579940
Q273120,Q7627882
Q273120,Q11079230
Q273120,Q13427116
Q273120,Q16533779
Q273120,Q898830
Q273120,Q1147337
Q273120,Q1210697
Q273120,Q1518054
Q273120,Q1562095
Q273120,Q2345910
Q273120,Q11487759
Q273120,Q58815974
Q273120,Q60716473
Q273120,Q63993400
Q273120,Q69405214
Q273120,Q91280428
Q273120,Q318702
Q273120,Q2345115
Q273120,Q2935206
Q273120,Q7157511
Q273120,Q28100410
Q273120,Q94590779
Q273120,Q107635454
Q273120,Q107636079
Q273120,Q44854
Q273120,Q811531
Q273120,Q376596
Q273120,Q657449
Q273120,Q751982
Q273120,Q2694643
Q273120,Q2787772
Q273120,Q3922366
Q273120,Q11589683
Q273120,Q43792381
Q273120,Q54882043
Q273120,Q61943417
Q273120,Q177716
Q273120,Q3420130
Q273120,Q13427130
Q273120,Q72850604
Q273120,Q5570217
Q273120,Q1392593
Q273120,Q693827
Q273120,Q4804181
Q273120,Q51404
Q273120,Q358576
Q273120,Q1413045
Q273120,Q1472255
Q273120,Q1572731
Q273120,Q1734134
Q273120,Q3010369
Q273120,Q5495352
Q273120,Q12056872
Q273120,Q13454063
Q273120,Q17014215
Q273120,Q11614282
Q273120,Q836738
Q273120,Q1255251
Q273120,Q4892460
Q273120,Q6630631
Q273120,Q8960966
Q273120,Q10280357
Q273120,Q657438
Q273120,Q22947792
Q273120,Q101086122
Q273120,Q11514338
Q273120,Q3107744
Q3966286,Q3966286
Q3966286,Q204933
Q3966286,Q8038643
Q3966286,Q10855380
Q102252225,Q837999
Q102252225,Q841440
Q102252225,Q209715
Q102252225,Q1417098
Q102252225,Q464122
Q102252225,Q834550
Q102252225,Q1443064
Q102252225,Q2615857
Q102252225,Q3812488
Q102252225,Q6038651
Q102252225,Q26936080
Q102252225,Q28224582
Q102252225,Q39087739
Q102252225,Q263233
Q102252225,Q4958902
Q102252225,Q107976231
Q102252225,Q108131727
Q1416898,Q1416898
Q697327,Q697327
Q697327,Q2783852
Q697327,Q5500839
Q697327,Q2514015
Q545861,Q545861
Q545861,Q7099379
Q8454,Q8454
Q8454,Q204933
Q8454,Q1435124
Q8454,Q3235597
Q8454,Q3587621
Q8454,Q15747939
Q8454,Q216169
Q175331,Q175331
Q175331,Q528892
Q175331,Q898830
Q175331,Q1147337
Q175331,Q1210697
Q175331,Q1518054
Q175331,Q1562095
Q175331,Q2345910
Q175331,Q7251589
Q175331,Q11487759
Q175331,Q15631336
Q175331,Q58815974
Q175331,Q60716473
Q175331,Q63993400
Q175331,Q69405214
Q175331,Q91280428
Q175331,Q44854
Q175331,Q811531
Q175331,Q376596
Q175331,Q657449
Q175331,Q751982
Q175331,Q2694643
Q175331,Q2787772
Q175331,Q3922366
Q175331,Q11589683
Q175331,Q43792381
Q175331,Q54882043
Q175331,Q61943417
Q175331,Q14523556
Q175331,Q2935206
Q175331,Q7157511
Q175331,Q28100410
Q175331,Q5570217
Q175331,Q1392593
Q175331,Q693827
Q175331,Q4804181
Q175331,Q51404
Q175331,Q358576
Q175331,Q1413045
Q175331,Q1472255
Q175331,Q1572731
Q175331,Q1734134
Q175331,Q3010369
Q175331,Q5495352
Q175331,Q12056872
Q175331,Q13454063
Q175331,Q17014215
Q175331,Q11614282
Q175331,Q72850604
Q175331,Q836738
Q175331,Q1255251
Q175331,Q4892460
Q175331,Q6630631
Q175331,Q8960966
Q175331,Q10280357
Q175331,Q657438
Q175331,Q22947792
Q175331,Q101086122
Q175331,Q11514338
Q175331,Q3107744
Q731112,Q1416898
Q1156895,Q1156895
Q1156895,Q5264406
Q1156895,Q10277595
Q1156895,Q30634609
Q1156895,Q7302881
Q1156895,Q17047513
Q1156895,Q13859551
Q1174599,Q1174599
Q1174599,Q81672
Q1174599,Q365680
Q1174599,Q891854
Q1174599,Q1344887
Q1174599,Q1540534
Q1174599,Q2001676
Q1174599,Q2380335
Q1174599,Q4494907
Q1174599,Q6539177
Q1174599,Q11481825
Q1174599,Q17450153
Q1174599,Q25893885
Q1174599,Q51159762
Q1174599,Q61039291
Q1174599,Q109217482
Q1174599,Q680838
Q1174599,Q2223653
Q1174599,Q88178910
Q1174599,Q464643
Q1174599,Q18493502
Q1174599,Q19354904
Q1174599,Q25917154
Q1174599,Q467011
Q1174599,Q1470138
Q1174599,Q5176896
Q1174599,Q6857862
Q1174599,Q6878284
Q1174599,Q6982012
Q1174599,Q30588142
Q1174599,Q50295027
Q1174599,Q17912683
Q1174599,Q4071928
Q1174599,Q8228287
Q1174599,Q26001206
Q1174599,Q26001209
Q1174599,Q26001210
Q1174599,Q26001211
Q1174599,Q26001212
Q1174599,Q26001213
Q1174599,Q26001214
Q1174599,Q26001215
Q1174599,Q26001216
Q1174599,Q26001217
Q1174599,Q26001221
Q1174599,Q26001222
Q1174599,Q26001228
Q1174599,Q26001229
Q1174599,Q26001231
Q1174599,Q26001232
Q1174599,Q26001233
Q1174599,Q26001234
Q1174599,Q26001248
Q1174599,Q26001251
Q1174599,Q26001252
Q1174599,Q26013333
Q1174599,Q26013426
Q1174599,Q26013452
Q1174599,Q26013475
Q1174599,Q26013502
Q1174599,Q26206570
Q1174599,Q55064642
Q1174599,Q900214
Q1174599,Q4876601
Q1174599,Q18711682
Q1174599,Q6813020
Q1174599,Q21480300
Q1174599,Q217327
Q1174599,Q897797
Q1174599,Q6901292
Q1174599,Q25917186
Q1174599,Q28934204
Q1174599,Q61037469
Q1174599,Q11287
Q1174599,Q131406
Q1174599,Q135005
Q1174599,Q926331
Q1174599,Q2267081
Q1174599,Q11081100
Q1174599,Q19845322
Q1174599,Q24910170
Q1174599,Q105030159
Q1174599,Q715695
Q1174599,Q838364
Q1174599,Q841418
Q1174599,Q4688003
Q1174599,Q4788547
Q1174599,Q20893947
Q1174599,Q42915628
Q1174599,Q4976857
Q1174599,Q99936926
Q1174599,Q17329819
Q1174599,Q19606784
Q1174599,Q869370
Q1174599,Q7622661
Q1174599,Q305918
Q1243001,Q1243001
Q133492,Q133492
Q133492,Q9158
Q133492,Q221409
Q133492,Q371008
Q133492,Q646754
Q133492,Q651270
Q133492,Q905972
Q133492,Q915196
Q133492,Q1183753
Q133492,Q1522225
Q133492,Q1963679
Q133492,Q2116256
Q133492,Q2731728
Q133492,Q5372544
Q133492,Q12306381
Q133492,Q13896240
Q133492,Q65085460
Q133492,Q94579027
Q133492,Q100350675
Q133492,Q215495
Q133492,Q110716513
Q133492,Q40693969
Q133492,Q101048164
Q133492,Q7573033
Q13377609,Q13377609
Q1403016,Q1403016
Q1403016,Q6784016
Q1403016,Q11631566
Q14819852,Q14819852
Q14819852,Q25671
Q14819852,Q34581
Q14819852,Q159979
Q14819852,Q13424445
Q14819852,Q228036
Q14819852,Q490846
Q14819852,Q92208217
Q14819852,Q26753894
Q152074,Q152074
Q152074,Q102121362
Q171558,Q171558
Q171558,Q333495
Q171558,Q629257
Q171558,Q820355
Q171558,Q977367
Q171558,Q1550225
Q171558,Q1620824
Q171558,Q2715541
Q171558,Q2822717
Q171558,Q4825093
Q171558,Q5381256
Q171558,Q5526351
Q171558,Q11549517
Q171558,Q11642516
Q171558,Q11822042
Q171558,Q11875820
Q171558,Q15120872
Q171558,Q20180685
Q171558,Q42378719
Q171558,Q68800046
Q171558,Q99496989
Q171558,Q100938499
Q171558,Q51687506
Q171558,Q1778555
Q171558,Q12089136
Q171558,Q23007305
Q171558,Q54643580
Q171558,Q105807
Q171558,Q1321523
Q171558,Q15725976
Q171558,Q56318145
Q171558,Q220187
Q171558,Q2235325
Q171558,Q9687
Q171558,Q744913
Q171558,Q1078765
Q171558,Q1427114
Q171558,Q3305019
Q171558,Q7918434
Q171558,Q31836586
Q171558,Q17094485
Q171558,Q375102
Q171558,Q386899
Q171558,Q1339582
Q171558,Q7523802
Q171558,Q7833114
Q171558,Q9637047
Q171558,Q19403959
Q171558,Q48802726
Q171558,Q60895708
Q171558,Q61037771
Q171558,Q62730040
Q171558,Q885506
Q171558,Q3587621
Q171558,Q1074121
Q171558,Q1423039
Q171558,Q1527693
Q171558,Q1863435
Q171558,Q3002150
Q171558,Q4055822
Q171558,Q6539177
Q171558,Q12311704
Q171558,Q15931405
Q171558,Q17355126
Q171558,Q18009934
Q171558,Q99654400
Q171558,Q104776655
Q171558,Q1331380
Q171558,Q11396401
Q171558,Q11396408
Q171558,Q28934204
Q171558,Q2620513
Q171558,Q3045365
Q171558,Q14920473
Q171558,Q1975745
Q171558,Q47487415
Q171558,Q906512
Q171558,Q1522772
Q171558,Q2192508
Q171558,Q17363717
Q171558,Q19804654
Q171558,Q8228287
Q171558,Q19354904
Q171558,Q17005145
Q171558,Q19710423
Q171558,Q61037469
Q171558,Q3531620
Q171558,Q30880545
Q17310301,Q17310301
Q1763090,Q1763090
Q1763090,Q8454
Q1763090,Q694381
Q1763090,Q841236
Q1763090,Q1716571
Q1763090,Q6538366
Q1763090,Q204933
Q1763090,Q1435124
Q1763090,Q3235597
Q1763090,Q3587621
Q1763090,Q15747939
Q1763090,Q694752
Q1763090,Q1071447
Q1763090,Q1668049
Q1763090,Q853735
Q1763090,Q1230779
Q1763090,Q318296
Q1763090,Q6014156
Q1763090,Q20820058
Q1763090,Q17354233
Q1763090,Q216169
Q1763090,Q655843
Q1763090,Q892757
Q1763090,Q1361457
Q1763090,Q1385398
Q1763090,Q7801532
Q1763090,Q13363321
Q1763090,Q30344536
Q177626,Q177626
Q177626,Q131288
Q177626,Q133004
Q177626,Q187668
Q177626,Q837556
Q177626,Q863941
Q177626,Q1331684
Q177626,Q7210349
Q177626,Q7989796
Q177626,Q11936732
Q177626,Q15589476
Q177626,Q597260
Q177626,Q1309627
Q177626,Q1983893
Q177626,Q6004969
Q177626,Q1373538
Q177626,Q154278
Q177626,Q326259
Q177626,Q379693
Q177626,Q5883983
Q177626,Q6004963
Q177626,Q61927259
Q177626,Q26821406
Q17853087,Q17853087
Q17853087,Q452440
Q17853087,Q654117
Q17853087,Q811367
Q17853087,Q1058791
Q17853087,Q1363768
Q17853087,Q14946528
Q17853087,Q55166859
Q17853087,Q106484373
Q17853087,Q97154189
Q17853087,Q42266247
Q17853087,Q187997
Q17853087,Q188447
Q17853087,Q197961
Q17853087,Q267298
Q17853087,Q506572
Q17853087,Q3951866
Q17853087,Q42303986
Q17853087,Q651476
Q17853087,Q21484471
Q17853087,Q2039061
Q17853087,Q68557071
Q17853087,Q693004
Q17853087,Q917186
Q17853087,Q1939150
Q17853087,Q180253
Q17853087,Q187510
Q17853087,Q663273
Q17853087,Q1361661
Q17853087,Q361047
Q17853087,Q2203769
Q17853087,Q216158
Q17853087,Q1172928
Q17853087,Q2308614
Q17853087,Q17157301
Q17853087,Q70597985
Q17853087,Q107974527
Q17853087,Q48970589
Q17853087,Q942040
Q17853087,Q1187930
Q17853087,Q861345
Q17853087,Q2822895
Q17853087,Q2891821
Q17853087,Q4308
Q17853087,Q4343
Q17853087,Q165233
Q17853087,Q65770905
Q17853087,Q11233438
Q17853087,Q910817
Q17853087,Q26205842
Q17853087,Q3335066
Q17853087,Q899079
Q17853087,Q3621156
Q17853087,Q110701
Q17853087,Q1577470
Q17853087,Q4117949
Q17853087,Q18562917
Q17853087,Q877592
Q17853087,Q4321
Q17853087,Q631229
Q17853087,Q1147660
Q17853087,Q11252537
Q17853087,Q944780
Q17853087,Q1730207
Q17853087,Q741867
Q17853087,Q7865904
Q17853087,Q26269133
Q17853087,Q65962109
Q17853087,Q759117
Q17853087,Q370607
Q17853087,Q803599
Q17853087,Q2144320
Q17853087,Q52721923
Q17853087,Q77257857
Q17853087,Q245
Q17853087,Q178930
Q17853087,Q3359592
Q180684,Q180684
Q180684,Q10931
Q180684,Q124734
Q180684,Q273120
Q180684,Q350604
Q180684,Q369799
Q180684,Q467033
Q180684,Q831663
Q180684,Q876274
Q180684,Q1078001
Q180684,Q1255828
Q180684,Q2310419
Q180684,Q2334719
Q180684,Q2371837
Q180684,Q2447975
Q180684,Q2464727
Q180684,Q2672648
Q180684,Q2912528
Q180684,Q4176199
Q180684,Q5683226
Q180684,Q5791104
Q180684,Q7854874
Q180684,Q9848046
Q180684,Q11371169
Q180684,Q11422542
Q180684,Q12051532
Q180684,Q15707521
Q180684,Q17091170
Q180684,Q18812548
Q180684,Q20986437
Q180684,Q100327107
Q180684,Q104741931
Q180684,Q108809873
Q180684,Q29502
Q180684,Q751967
Q180684,Q2279967
Q180684,Q3827292
Q180684,Q5255897
Q180684,Q511866
Q180684,Q1155622
Q180684,Q1323212
Q180684,Q1753200
Q180684,Q2254427
Q180684,Q8191556
Q180684,Q10931495
Q180684,Q13538715
Q180684,Q25906438
Q180684,Q47217
Q180684,Q49776
Q180684,Q124757
Q180684,Q175331
Q180684,Q422635
Q180684,Q506259
Q180684,Q685160
Q180684,Q780417
Q180684,Q903900
Q180684,Q1679887
Q180684,Q2255532
Q180684,Q5176895
Q180684,Q7251589
Q180684,Q15466187
Q180684,Q15631336
Q180684,Q42685104
Q180684,Q81859300
Q180684,Q100332920
Q180684,Q198
Q180684,Q104212151
Q180684,Q105370834
Q180684,Q109311521
Q180684,Q8683
Q180684,Q3518201
Q180684,Q12546
Q180684,Q1384277
Q180684,Q106223176
Q180684,Q1073579
Q180684,Q2527950
Q180684,Q3560882
Q180684,Q7335248
Q180684,Q42750320
Q180684,Q27406
Q180684,Q112663
Q180684,Q1123131
Q180684,Q1176224
Q180684,Q1412362
Q180684,Q2996078
Q180684,Q6517480
Q180684,Q7311342
Q180684,Q11499052
Q180684,Q21213179
Q180684,Q24887191
Q180684,Q30928406
Q180684,Q93430598
Q180684,Q104705174
Q180684,Q105151488
Q180684,Q159377
Q180684,Q628191
Q180684,Q146071
Q180684,Q177253
Q180684,Q480498
Q180684,Q697327
Q180684,Q1124012
Q180684,Q3771751
Q180684,Q11519624
Q180684,Q11827307
Q180684,Q16738832
Q180684,Q19692072
Q180684,Q19902850
Q180684,Q19930933
Q180684,Q56704157
Q180684,Q60845736
Q180684,Q61221204
Q180684,Q64796768
Q180684,Q76647964
Q180684,Q85821037
Q180684,Q96251253
Q180684,Q96482904
Q180684,Q97451302
Q180684,Q97451648
Q180684,Q97451722
Q180684,Q491502
Q180684,Q7897387
Q180684,Q692412
Q180684,Q5782934
Q180684,Q388924
Q180684,Q2352121
Q180684,Q5153967
Q180684,Q15820347
Q180684,Q43109
Q180684,Q257437
Q180684,Q693026
Q180684,Q847301
Q180684,Q5124698
Q180684,Q5307895
Q180684,Q62090711
Q180684,Q102600679
Q180684,Q104549533
Q180684,Q106171319
Q180684,Q8465
Q180684,Q103495
Q180684,Q232777
Q180684,Q752673
Q180684,Q864113
Q180684,Q913939
Q180684,Q1348385
Q180684,Q1469686
Q180684,Q1827102
Q180684,Q4927953
Q180684,Q5919191
Q180684,Q6073630
Q180684,Q7292715
Q180684,Q7883019
Q180684,Q11682254
Q180684,Q21994376
Q180684,Q77597785
Q180684,Q431226
Q180684,Q1219394
Q180684,Q1458216
Q180684,Q2412191
Q180684,Q2515494
Q180684,Q2531579
Q180684,Q3518511
Q180684,Q4393809
Q180684,Q5021202
Q180684,Q7307171
Q180684,Q9305214
Q180684,Q15923787
Q180684,Q20199086
Q180684,Q33103999
Q180684,Q54086790
Q180684,Q60364778
Q180684,Q99659193
Q180684,Q528892
Q180684,Q1937612
Q180684,Q14523556
Q180684,Q49775
Q180684,Q1198713
Q180684,Q1480879
Q180684,Q3118387
Q180684,Q7245793
Q180684,Q1751831
Q180684,Q2920604
Q180684,Q3588250
Q180684,Q5465517
Q180684,Q7209603
Q180684,Q7579940
Q180684,Q7627882
Q180684,Q11079230
Q180684,Q13427116
Q180684,Q16533779
Q180684,Q898830
Q180684,Q1147337
Q180684,Q1210697
Q180684,Q1518054
Q180684,Q1562095
Q180684,Q2345910
Q180684,Q11487759
Q180684,Q58815974
Q180684,Q60716473
Q180684,Q63993400
Q180684,Q69405214
Q180684,Q91280428
Q180684,Q1949797
Q180684,Q318702
Q180684,Q2783852
Q180684,Q5500839
Q180684,Q11642595
Q180684,Q8038643
Q180684,Q11631566
Q180684,Q766875
Q180684,Q3774758
Q180684,Q19396147
Q180684,Q5378545
Q180684,Q11926032
Q180684,Q41397
Q180684,Q177716
Q180684,Q13634374
Q180684,Q1037755
Q180684,Q2345115
Q180684,Q2935206
Q180684,Q7157511
Q180684,Q41521
Q180684,Q160598
Q180684,Q11555358
Q180684,Q686984
Q180684,Q11362482
Q180684,Q2055205
Q180684,Q28100410
Q180684,Q2223653
Q180684,Q18609332
Q180684,Q21213456
Q180684,Q1303061
Q180684,Q1761818
Q180684,Q5690823
Q180684,Q64001169
Q180684,Q99748589
Q180684,Q60743413
Q180684,Q7281
Q180684,Q16235120
Q180684,Q98144562
Q180684,Q104676100
Q180684,Q189656
Q180684,Q705157
Q180684,Q1075020
Q180684,Q1935609
Q180684,Q2101619
Q180684,Q2839017
Q180684,Q7281191
Q180684,Q30020409
Q180684,Q30020460
Q180684,Q2908804
Q180684,Q3119160
Q180684,Q2763
Q180684,Q1371470
Q180684,Q2235125
Q180684,Q108702572
Q180684,Q4895359
Q180684,Q94590779
Q180684,Q107635454
Q180684,Q107636079
Q180684,Q2514015
Q180684,Q44854
Q180684,Q811531
Q180684,Q80895
Q180684,Q760037
Q180684,Q154278
Q180684,Q376596
Q180684,Q657449
Q180684,Q751982
Q180684,Q2694643
Q180684,Q2787772
Q180684,Q3922366
Q180684,Q11589683
Q180684,Q43792381
Q180684,Q54882043
Q180684,Q61943417
Q180684,Q201424
Q180684,Q18156020
Q180684,Q13573188
Q180684,Q85811481
Q180684,Q217327
Q180684,Q897797
Q180684,Q6813020
Q180684,Q6901292
Q180684,Q18711682
Q180684,Q25917154
Q180684,Q25917186
Q180684,Q28934204
Q180684,Q61037469
Q180684,Q3420130
Q180684,Q335918
Q180684,Q1525203
Q180684,Q106006806
Q180684,Q467011
Q180684,Q14957210
Q180684,Q60589804
Q180684,Q13427130
Q180684,Q72850604
Q180684,Q1006311
Q180684,Q5570217
Q180684,Q1392593
Q180684,Q1814351
Q180684,Q105938904
Q180684,Q2478315
Q180684,Q693827
Q180684,Q4804181
Q180684,Q159535
Q180684,Q18493502
Q180684,Q15078695
Q180684,Q51404
Q180684,Q358576
Q180684,Q1413045
Q180684,Q1472255
Q180684,Q1572731
Q180684,Q1734134
Q180684,Q3010369
Q180684,Q5495352
Q180684,Q12056872
Q180684,Q13454063
Q180684,Q17014215
Q180684,Q6983400
Q180684,Q2247281
Q180684,Q97358680
Q180684,Q19914514
Q180684,Q1061047
Q180684,Q14914926
Q180684,Q1342425
Q180684,Q11614282
Q180684,Q20893947
Q180684,Q42681239
Q180684,Q20639925
Q180684,Q64827016
Q180684,Q836738
Q180684,Q1255251
Q180684,Q4892460
Q180684,Q6630631
Q180684,Q700063
Q180684,Q1321697
Q180684,Q1658150
Q180684,Q2715405
Q180684,Q10567262
Q180684,Q27277581
Q180684,Q8960966
Q180684,Q10280357
Q180684,Q657438
Q180684,Q22947792
Q180684,Q101086122
Q180684,Q11514338
Q180684,Q3107744
Q180684,Q107654488
Q180684,Q103470847
Q180684,Q574456
Q180684,Q7023411
Q180684,Q339452
Q180684,Q104180885
Q180684,Q922853
Q180684,Q93251355
Q193078,Q193078
Q193078,Q68833
Q193078,Q170518
Q193078,Q204933
Q193078,Q1064904
Q193078,Q7162621
Q193078,Q4936774
Q193078,Q114953
Q193078,Q166019
Q193078,Q184753
Q193078,Q336254
Q193078,Q506616
Q193078,Q2751242
Q193078,Q17142966
Q193078,Q4936615
Q193078,Q2681162
Q193078,Q16965421
Q193078,Q8294850
Q193078,Q3505252
Q193078,Q3631225
Q193078,Q51159762
Q193078,Q190940
Q193078,Q3390934
Q193078,Q3587621
Q193078,Q753108
Q193078,Q2938159
Q193078,Q193211
Q193078,Q21119857
Q193078,Q1415275
Q193078,Q244913
Q210603,Q210603
Q2296401,Q2296401
Q2296401,Q2996400
Q2761147,Q2761147
Q2761147,Q111161
Q2761147,Q152263
Q2761147,Q267995
Q2761147,Q426394
Q2761147,Q545861
Q2761147,Q625994
Q2761147,Q751892
Q2761147,Q758824
Q2761147,Q1067715
Q2761147,Q1325214
Q2761147,Q1518315
Q2761147,Q1543677
Q2761147,Q1929797
Q2761147,Q2100614
Q2761147,Q2172087
Q2761147,Q2242213
Q2761147,Q2495862
Q2761147,Q2548750
Q2761147,Q2994156
Q2761147,Q3117735
Q2761147,Q3400581
Q2761147,Q3458196
Q2761147,Q4228029
Q2761147,Q4346052
Q2761147,Q4504516
Q2761147,Q5422235
Q2761147,Q7137437
Q2761147,Q7248067
Q2761147,Q7269307
Q2761147,Q20826063
Q2761147,Q27556165
Q2761147,Q50877551
Q2761147,Q52253007
Q2761147,Q54877479
Q2761147,Q61949333
Q2761147,Q78187883
Q2761147,Q86667968
Q2761147,Q110886414
Q2761147,Q51645
Q2761147,Q866210
Q2761147,Q911924
Q2761147,Q1615460
Q2761147,Q3508866
Q2761147,Q10551516
Q2761147,Q1900755
Q2761147,Q5164285
Q2761147,Q5601809
Q2761147,Q7099379
Q2761147,Q122119
Q2761147,Q184937
Q2761147,Q272281
Q2761147,Q483279
Q2761147,Q640954
Q2761147,Q668984
Q2761147,Q851758
Q2761147,Q856568
Q2761147,Q896903
Q2761147,Q1077012
Q2761147,Q1129398
Q2761147,Q1154693
Q2761147,Q1154933
Q2761147,Q1415084
Q2761147,Q1728972
Q2761147,Q1781367
Q2761147,Q1958056
Q2761147,Q2020153
Q2761147,Q2288051
Q2761147,Q2508813
Q2761147,Q2558569
Q2761147,Q3070242
Q2761147,Q3187082
Q2761147,Q4382012
Q2761147,Q5157579
Q2761147,Q5905214
Q2761147,Q7888355
Q2761147,Q15231127
Q2761147,Q17195514
Q2761147,Q18564543
Q2761147,Q24406303
Q2761147,Q27030777
Q2761147,Q27030844
Q2761147,Q27150036
Q2761147,Q30545022
Q2761147,Q31157300
Q2761147,Q37807168
Q2761147,Q37942728
Q2761147,Q40692185
Q2761147,Q42406391
Q2761147,Q43325366
Q2761147,Q52045923
Q2761147,Q54805501
Q2761147,Q54856399
Q2761147,Q54868442
Q2761147,Q56220509
Q2761147,Q60030312
Q2761147,Q60727631
Q2761147,Q61728467
Q2761147,Q61858413
Q2761147,Q61952495
Q2761147,Q65549814
Q2761147,Q66087801
Q2761147,Q68103526
Q2761147,Q68691239
Q2761147,Q75171163
Q2761147,Q80593337
Q2761147,Q85443050
Q2761147,Q86935657
Q2761147,Q90285444
Q2761147,Q93763662
Q2761147,Q96203973
Q2761147,Q97594670
Q2761147,Q97595211
Q2761147,Q98593889
Q2761147,Q98741945
Q2761147,Q105992668
Q2761147,Q109127478
Q2761147,Q846330
Q2761147,Q2443004
Q2761147,Q2943071
Q2761147,Q500415
Q2761147,Q79695687
Q2761147,Q98381855
Q2761147,Q98381912
Q2761147,Q110550201
Q2761147,Q110886488
Q2761147,Q1477856
Q2761147,Q1574438
Q2761147,Q105587404
Q2761147,Q80623762
Q2761147,Q1628553
Q2761147,Q2993090
Q2761147,Q4070685
Q2761147,Q17455048
Q2761147,Q27044174
Q2761147,Q59108305
Q2761147,Q74516302
Q2761147,Q105832563
Q2761147,Q106215748
Q2761147,Q245169
Q2761147,Q814491
Q2761147,Q1392762
Q2761147,Q1932471
Q2761147,Q7456126
Q2761147,Q18287076
Q2761147,Q40444998
Q2761147,Q59009655
Q2761147,Q55426935
Q2761147,Q76289061
Q2761147,Q108390245
Q2761147,Q5053154
Q2761147,Q23058941
Q2761147,Q23058942
Q2761147,Q56378186
Q2761147,Q60021471
Q2761147,Q28963415
Q2761147,Q548126
Q2761147,Q4390543
Q2761147,Q4493539
Q2761147,Q5453341
Q2761147,Q617378
Q2761147,Q10846717
Q2761147,Q21540023
Q2761147,Q22119581
Q2761147,Q24534551
Q2761147,Q54856428
Q2761147,Q61658758
Q2761147,Q88869722
Q2761147,Q91476283
Q2761147,Q100799210
Q2761147,Q100921020
Q2761147,Q104479499
Q2761147,Q107011713
Q2761147,Q183482
Q2761147,Q1413715
Q2761147,Q2415599
Q2761147,Q2993180
Q2761147,Q3551559
Q2761147,Q15908445
Q2761147,Q59633182
Q2761147,Q105966326
Q2761147,Q17276616
Q2761147,Q108172332
Q2761147,Q30337878
Q2761147,Q28870211
Q2761147,Q28870409
Q2761147,Q1072326
Q2761147,Q979949
Q2761147,Q7157512
Q2761147,Q41071806
Q2761147,Q63980799
Q2761147,Q63214346
Q2761147,Q1482264
Q2761147,Q1782935
Q2761147,Q98745410
Q2761147,Q455444
Q2761147,Q467938
Q2761147,Q485644
Q2761147,Q488526
Q2761147,Q643292
Q2761147,Q2139567
Q2761147,Q18575573
Q2761147,Q20739115
Q2761147,Q22328415
Q2761147,Q26805735
Q2761147,Q30178840
Q2761147,Q72846320
Q2761147,Q74595662
Q2761147,Q106638042
Q2761147,Q361909
Q2761147,Q1185865
Q2761147,Q6541336
Q2761147,Q3435775
Q2761147,Q47762931
Q2761147,Q28966106
Q2761147,Q28966115
Q2916183,Q2916183
Q2916183,Q1124012
Q2916183,Q8038643
Q2916183,Q11631566
Q3075355,Q3075355
Q3075355,Q2324975
Q3075355,Q3178478
Q3075355,Q11445559
Q3075355,Q11486634
Q3237993,Q185943
Q3237993,Q4354526
Q329525,Q329525
Q329525,Q80111632
Q329777,Q329777
Q4,Q4
Q4,Q1747184
Q4,Q3346925
Q4,Q16874630
Q4,Q20730691
Q4,Q25476356
Q4,Q46999986
Q4,Q74948922
Q4,Q99521170
Q4,Q101874706
Q4,Q21142718
Q4,Q25047808
Q4,Q142824
Q4,Q149086
Q4,Q8452
Q4,Q22004151
Q4,Q231577
Q4,Q5655230
Q4,Q24518
Q4,Q11659306
Q4,Q98915706
Q4,Q8454
Q4,Q100159
Q4,Q119094
Q4,Q132821
Q4,Q641449
Q4,Q781757
Q4,Q916412
Q4,Q1342425
Q4,Q1752350
Q4,Q2691275
Q4,Q2717573
Q4,Q3966286
Q4,Q5400895
Q4,Q6317275
Q4,Q7450629
Q4,Q7897003
Q4,Q11487748
Q4,Q14042845
Q4,Q16973098
Q4,Q51159758
Q4,Q204933
Q4,Q1435124
Q4,Q3235597
Q4,Q3587621
Q4,Q15747939
Q4,Q1061047
Q4,Q750215
Q4,Q1139665
Q4,Q1642263
Q4,Q3199915
Q4,Q3307578
Q4,Q3882219
Q4,Q4676786
Q4,Q4830211
Q4,Q5300066
Q4,Q11547135
Q4,Q13431749
Q4,Q13587273
Q4,Q50378760
Q4,Q486775
Q4,Q2599494
Q4,Q8038643
Q4,Q10855380
Q4,Q3882220
Q4,Q7918620
Q4,Q2345820
Q4,Q1342132
Q4,Q1136456
Q4,Q41397
Q4,Q154494
Q4,Q177716
Q4,Q2235125
Q4,Q2369404
Q4,Q21480300
Q4,Q56514238
Q4,Q66975460
Q4,Q9026907
Q4,Q1076426
Q4,Q1344887
Q4,Q5533440
Q4,Q19841484
Q4,Q21175615
Q4,Q88178910
Q4,Q118322
Q4,Q1295558
Q4,Q56461743
Q4,Q6000508
Q4,Q216169
Q4,Q2763
Q4,Q1371470
Q4,Q108702572
Q4,Q1475448
Q4,Q42915628
Q4,Q2478315
Q40231,Q40231
Q40231,Q43109
Q40231,Q279283
Q40231,Q481394
Q40231,Q669262
Q40231,Q832107
Q40231,Q858439
Q40231,Q877353
Q40231,Q1076105
Q40231,Q1156016
Q40231,Q1196663
Q40231,Q1292614
Q40231,Q1333366
Q40231,Q1376777
Q40231,Q2055296
Q40231,Q2276065
Q40231,Q2439355
Q40231,Q2533468
Q40231,Q2540467
Q40231,Q3068523
Q40231,Q5354600
Q40231,Q5354734
Q40231,Q5354847
Q40231,Q5354906
Q40231,Q6508670
Q40231,Q6980735
Q40231,Q11394707
Q40231,Q13012970
Q40231,Q14006248
Q40231,Q15261477
Q40231,Q15857735
Q40231,Q15966540
Q40231,Q24097670
Q40231,Q25548647
Q40231,Q26260699
Q40231,Q27242623
Q40231,Q29102902
Q40231,Q35647389
Q40231,Q61964017
Q40231,Q71989553
Q40231,Q74212708
Q40231,Q76853179
Q40231,Q85811908
Q40231,Q107394355
Q40231,Q109682730
Q40231,Q109936365
Q40231,Q431226
Q40231,Q1219394
Q40231,Q1458216
Q40231,Q2412191
Q40231,Q2515494
Q40231,Q2531579
Q40231,Q3518511
Q40231,Q4393809
Q40231,Q5021202
Q40231,Q7307171
Q40231,Q9305214
Q40231,Q15923787
Q40231,Q20199086
Q40231,Q33103999
Q40231,Q54086790
Q40231,Q60364778
Q40231,Q99659193
Q40231,Q6936320
Q40231,Q3586860
Q40231,Q5354776
Q40231,Q5354796
Q40231,Q5354870
Q40231,Q25080094
Q40231,Q26252880
Q40231,Q97124825
Q40231,Q896995
Q40231,Q1499496
Q40231,Q1504429
Q40231,Q26772977
Q40231,Q846330
Q40231,Q2443004
Q40231,Q2899221
Q40231,Q2916312
Q40231,Q3722602
Q40231,Q97487177
Q40231,Q22266583
Q40231,Q47566
Q40231,Q459555
Q40231,Q890055
Q40231,Q3497179
Q40231,Q3586558
Q40231,Q3586559
Q40231,Q3587380
Q40231,Q4128699
Q40231,Q5518574
Q40231,Q7185370
Q40231,Q7241485
Q40231,Q10638581
Q40231,Q12778811
Q40231,Q15146717
Q40231,Q16361747
Q40231,Q17301632
Q40231,Q18285098
Q40231,Q18698522
Q40231,Q19801853
Q40231,Q20053795
Q40231,Q22337503
Q40231,Q22341340
Q40231,Q23498202
Q40231,Q26338179
Q40231,Q28545697
Q40231,Q29054285
Q40231,Q47484406
Q40231,Q54257384
Q40231,Q60676589
Q40231,Q97016907
Q40231,Q106690408
Q40231,Q106691665
Q40231,Q17317625
Q40231,Q2618461
Q40231,Q3586928
Q40231,Q3586936
Q40231,Q3586944
Q40231,Q3586948
Q40231,Q3586951
Q40231,Q3586952
Q40231,Q3722112
Q40231,Q20085071
Q40231,Q22266214
Q40231,Q22276119
Q40231,Q22276208
Q40231,Q22276226
Q40231,Q22276331
Q40231,Q22276354
Q40231,Q22280976
Q40231,Q22283516
Q40231,Q22283753
Q40231,Q22333900
Q40231,Q22341315
Q40231,Q22341330
Q40231,Q22341433
Q40231,Q22342178
Q40231,Q22342312
Q40231,Q22343924
Q40231,Q22343980
Q40231,Q22669526
Q40231,Q22669528
Q40231,Q22669535
Q40231,Q22669547
Q40231,Q22669552
Q40231,Q22669582
Q40231,Q22669591
Q40231,Q22669594
Q40231,Q22669611
Q40231,Q22669621
Q40231,Q22669627
Q40231,Q22696329
Q40231,Q22696370
Q40231,Q22696407
Q40231,Q22703240
Q40231,Q22703975
Q40231,Q22703997
Q40231,Q22704045
Q40231,Q24041602
Q40231,Q24045394
Q40231,Q24176839
Q40231,Q24178042
Q40231,Q24179252
Q40231,Q24180038
Q40231,Q24181434
Q40231,Q24183631
Q40231,Q24183876
Q40231,Q24292618
Q40231,Q24384357
Q40231,Q24451601
Q40231,Q24529773
Q40231,Q24713353
Q40231,Q24713572
Q40231,Q24714393
Q40231,Q24715318
Q40231,Q24715377
Q40231,Q24719004
Q40231,Q25343621
Q40231,Q25343640
Q40231,Q25343642
Q40231,Q25363097
Q40231,Q25363518
Q40231,Q25438796
Q40231,Q25449075
Q40231,Q25468000
Q40231,Q25476949
Q40231,Q25477438
Q40231,Q25530424
Q40231,Q25531065
Q40231,Q25534427
Q40231,Q25534840
Q40231,Q25544454
Q40231,Q25546358
Q40231,Q25547854
Q40231,Q25548020
Q40231,Q26260402
Q40231,Q28333430
Q40231,Q41708957
Q40231,Q56188162
Q40231,Q56188227
Q40231,Q106690375
Q40231,Q106691645
Q40231,Q101246147
Q40231,Q110805611
Q40231,Q11267645
Q40231,Q11267647
Q40231,Q11279175
Q40231,Q108828376
Q40231,Q7061379
Q40231,Q22276038
Q40231,Q85547059
Q40231,Q85547214
Q40231,Q2977046
Q40231,Q3423767
Q40231,Q47466753
Q40231,Q1006573
Q40231,Q22160401
Q40231,Q5827809
Q40231,Q24659965
Q40231,Q2243695
Q40231,Q2385043
Q40231,Q4289143
Q40231,Q23688115
Q40231,Q56316064
Q40231,Q12311825
Q40231,Q2112448
Q40231,Q15154951
Q40231,Q18693936
Q40231,Q27494565
Q40231,Q1188852
Q40231,Q3722420
Q40231,Q4128600
Q40231,Q22275878
Q40231,Q19803127
Q40231,Q25455090
Q40231,Q24713657
Q40231,Q6664348
Q40231,Q75476195
Q40231,Q56821073
Q40231,Q56821289
Q40231,Q10712098
Q40231,Q5894489
Q40231,Q15273379
Q40231,Q18591647
Q40231,Q3587369
Q40231,Q1570656
Q40231,Q3587148
Q40231,Q3587397
Q40231,Q3587541
Q40231,Q11890047
Q40231,Q10271510
Q40231,Q152450
Q40231,Q12131669
Q40231,Q12406392
Q40231,Q15280243
Q40231,Q17496410
Q40231,Q29934288
Q40231,Q56023992
Q40231,Q56024035
Q40231,Q56024037
Q40231,Q56024038
Q40231,Q56024039
Q40231,Q56024040
Q40231,Q56024041
Q40231,Q56024042
Q40231,Q56024043
Q40231,Q56583453
Q40231,Q65152203
Q40231,Q75951701
Q40231,Q96747290
Q40231,Q102124796
Q40231,Q105580505
Q40231,Q108509955
Q40231,Q99026520
Q40231,Q186431
Q40231,Q3586949
Q40231,Q5827551
Q40231,Q17317594
Q40231,Q22341298
Q40231,Q24660195
Q40231,Q1760295
Q40231,Q109860353
Q40231,Q3586483
Q40231,Q10271409
Q40231,Q10271630
Q40231,Q10271631
Q40231,Q13102763
Q40231,Q16964284
Q40231,Q41707512
Q40231,Q51172766
Q40231,Q64778850
Q40231,Q65205682
Q40231,Q3587386
Q40231,Q2047484
Q40231,Q14276938
Q40231,Q716176
Q40231,Q849095
Q40231,Q1007356
Q40231,Q1057954
Q40231,Q1128324
Q40231,Q3587147
Q40231,Q5116010
Q40231,Q5518656
Q40231,Q5828421
Q40231,Q6518201
Q40231,Q7232773
Q40231,Q10271596
Q40231,Q10271606
Q40231,Q10660882
Q40231,Q11931634
Q40231,Q12323704
Q40231,Q12778795
Q40231,Q14509381
Q40231,Q14516417
Q40231,Q15283424
Q40231,Q16939528
Q40231,Q18248981
Q40231,Q22160105
Q40231,Q22160112
Q40231,Q22160120
Q40231,Q22160593
Q40231,Q22162827
Q40231,Q22266213
Q40231,Q22266255
Q40231,Q22266624
Q40231,Q22266709
Q40231,Q22268901
Q40231,Q22269206
Q40231,Q22269333
Q40231,Q22269349
Q40231,Q22275938
Q40231,Q22275982
Q40231,Q22276008
Q40231,Q22276080
Q40231,Q22276155
Q40231,Q22276186
Q40231,Q22276264
Q40231,Q22276298
Q40231,Q22276316
Q40231,Q22280876
Q40231,Q22280897
Q40231,Q22281036
Q40231,Q22283539
Q40231,Q22284407
Q40231,Q22330752
Q40231,Q22330839
Q40231,Q22330909
Q40231,Q22330922
Q40231,Q22333025
Q40231,Q22333190
Q40231,Q22333339
Q40231,Q22333685
Q40231,Q22338585
Q40231,Q22338592
Q40231,Q22341275
Q40231,Q22341286
Q40231,Q22341320
Q40231,Q22341339
Q40231,Q22342153
Q40231,Q22342180
Q40231,Q22342211
Q40231,Q22342918
Q40231,Q22342927
Q40231,Q22342947
Q40231,Q22342957
Q40231,Q22442768
Q40231,Q22442774
Q40231,Q22442788
Q40231,Q22669381
Q40231,Q22669427
Q40231,Q22669480
Q40231,Q22669513
Q40231,Q22669521
Q40231,Q22669525
Q40231,Q22669531
Q40231,Q22669585
Q40231,Q22669601
Q40231,Q22669603
Q40231,Q22669606
Q40231,Q22669618
Q40231,Q22669625
Q40231,Q22669632
Q40231,Q22669642
Q40231,Q22695893
Q40231,Q22695896
Q40231,Q22695898
Q40231,Q22695905
Q40231,Q22696274
Q40231,Q22696377
Q40231,Q22696383
Q40231,Q22696395
Q40231,Q22696400
Q40231,Q22696414
Q40231,Q22703992
Q40231,Q22704005
Q40231,Q22704041
Q40231,Q24176296
Q40231,Q24176345
Q40231,Q24177311
Q40231,Q24178659
Q40231,Q24179666
Q40231,Q24180344
Q40231,Q24182685
Q40231,Q24183035
Q40231,Q24332812
Q40231,Q24333627
Q40231,Q24397514
Q40231,Q24410897
Q40231,Q24452127
Q40231,Q24541623
Q40231,Q24558942
Q40231,Q24566658
Q40231,Q24567296
Q40231,Q24568879
Q40231,Q24576690
Q40231,Q24618255
Q40231,Q24659969
Q40231,Q24706075
Q40231,Q24712693
Q40231,Q24713040
Q40231,Q24713744
Q40231,Q24714461
Q40231,Q24714562
Q40231,Q24715089
Q40231,Q24715171
Q40231,Q24715411
Q40231,Q24718538
Q40231,Q24718627
Q40231,Q24718981
Q40231,Q25343327
Q40231,Q25343622
Q40231,Q25343628
Q40231,Q25343631
Q40231,Q25343648
Q40231,Q25343650
Q40231,Q25367811
Q40231,Q25367878
Q40231,Q25367968
Q40231,Q25369215
Q40231,Q25369324
Q40231,Q25369733
Q40231,Q25448839
Q40231,Q25448932
Q40231,Q25467156
Q40231,Q25467527
Q40231,Q25531251
Q40231,Q25532438
Q40231,Q25532583
Q40231,Q25534775
Q40231,Q25535282
Q40231,Q25544724
Q40231,Q25546854
Q40231,Q25548021
Q40231,Q28333164
Q40231,Q28649370
Q40231,Q29054308
Q40231,Q30579807
Q40231,Q47516525
Q40231,Q49637768
Q40231,Q56185179
Q40231,Q84035267
Q40231,Q110453684
Q40231,Q7314673
Q40231,Q335918
Q40231,Q14957210
Q40231,Q3586831
Q40231,Q3586832
Q40231,Q3586834
Q40231,Q3586835
Q40231,Q3586838
Q40231,Q3586840
Q40231,Q16684585
Q40231,Q97292900
Q40231,Q20102321
Q40231,Q7013332
Q40231,Q11163656
Q40231,Q110009802
Q40231,Q100580950
Q40231,Q107357080
Q40231,Q7078911
Q40231,Q25289192
Q40231,Q3587589
Q40231,Q5115542
Q40231,Q5827419
Q40231,Q5827491
Q40231,Q6348103
Q40231,Q8774346
Q40231,Q11918772
Q40231,Q47069668
Q40231,Q56318101
Q40231,Q50291818
Q40231,Q15078695
Q40231,Q7864918
Q40231,Q30572165
Q40231,Q20018725
Q40231,Q26466721
Q40231,Q51879476
Q40231,Q52362967
Q40231,Q60527676
Q40231,Q68431138
Q40231,Q108863993
Q40231,Q3587332
Q40231,Q3587334
Q40231,Q61605094
Q40231,Q92320908
Q40231,Q92321112
Q40231,Q44481679
Q40231,Q92402259
Q40231,Q92475919
Q40231,Q92480584
Q40231,Q92482708
Q40231,Q92320983
Q40231,Q92321117
Q40231,Q92480589
Q40231,Q92482736
Q40231,Q92480588
Q40231,Q92482728
Q40231,Q92480586
Q40231,Q92482719
Q40231,Q92282907
Q40231,Q92282909
Q40231,Q92312582
Q40231,Q93154810
Q40231,Q93306595
Q40231,Q93395449
Q40231,Q93455943
Q40231,Q93462300
Q40231,Q93557741
Q40231,Q93558289
Q40231,Q93559180
Q40231,Q93559482
Q40231,Q94175988
Q40231,Q94179568
Q40231,Q94184446
Q40231,Q94328268
Q40231,Q94330804
Q40231,Q94334991
Q40231,Q94440695
Q40231,Q94449970
Q40231,Q94456115
Q40231,Q94461968
Q40231,Q94464365
Q40231,Q94466676
Q40231,Q94553391
Q40231,Q94566760
Q40231,Q94572595
Q40231,Q94602741
Q40231,Q94606984
Q40231,Q94609398
Q40231,Q94614602
Q40231,Q94620942
Q40231,Q94635295
Q40231,Q94674229
Q40231,Q94679811
Q40231,Q94683284
Q40231,Q94684262
Q40231,Q94694462
Q40231,Q94694551
Q40231,Q94694792
Q40231,Q92313829
Q40231,Q93155836
Q40231,Q93306847
Q40231,Q93395542
Q40231,Q93455815
Q40231,Q93462304
Q40231,Q93558099
Q40231,Q93558491
Q40231,Q93559266
Q40231,Q93559484
Q40231,Q94176089
Q40231,Q94179811
Q40231,Q94184448
Q40231,Q94340605
Q40231,Q94343868
Q40231,Q94343874
Q40231,Q94440678
Q40231,Q94450051
Q40231,Q94456180
Q40231,Q94462023
Q40231,Q94464422
Q40231,Q94466778
Q40231,Q94553400
Q40231,Q94566909
Q40231,Q94572597
Q40231,Q94602898
Q40231,Q94607074
Q40231,Q94609435
Q40231,Q94614685
Q40231,Q94620977
Q40231,Q94635434
Q40231,Q94674325
Q40231,Q94679999
Q40231,Q94683604
Q40231,Q94684504
Q40231,Q94694487
Q40231,Q94694569
Q40231,Q94694933
Q40231,Q4861057
Q40231,Q4861618
Q40231,Q4899805
Q40231,Q4961598
Q40231,Q4973708
Q40231,Q5025826
Q40231,Q5189716
Q40231,Q5325494
Q40231,Q5377332
Q40231,Q5637384
Q40231,Q5645760
Q40231,Q5657629
Q40231,Q5666613
Q40231,Q5683838
Q40231,Q5763312
Q40231,Q5913321
Q40231,Q6084407
Q40231,Q6391510
Q40231,Q6481463
Q40231,Q6537337
Q40231,Q6820741
Q40231,Q7305510
Q40231,Q7331066
Q40231,Q7571176
Q40231,Q7650353
Q40231,Q7829682
Q40231,Q7966607
Q40231,Q7967318
Q40231,Q7989235
Q40231,Q16993367
Q40231,Q16995693
Q40231,Q16998864
Q40231,Q4861943
Q40231,Q4916653
Q40231,Q4940252
Q40231,Q5001131
Q40231,Q5019056
Q40231,Q5179131
Q40231,Q5295526
Q40231,Q5312035
Q40231,Q5527173
Q40231,Q6415764
Q40231,Q6423494
Q40231,Q6516179
Q40231,Q7017567
Q40231,Q7057066
Q40231,Q7085670
Q40231,Q7353823
Q40231,Q7370451
Q40231,Q7404395
Q40231,Q7417064
Q40231,Q7446128
Q40231,Q7558104
Q40231,Q7568703
Q40231,Q7593363
Q40231,Q7618182
Q40231,Q7639752
Q40231,Q7681174
Q40231,Q7832574
Q40231,Q7963798
Q40231,Q7999562
Q40231,Q8027003
Q40231,Q8030526
Q40231,Q16152241
Q40231,Q5025632
Q40231,Q5666435
Q40231,Q7232516
Q40231,Q7242032
Q40231,Q8034237
Q40231,Q24039263
Q40231,Q106453584
Q40231,Q109935409
Q40231,Q109935517
Q40231,Q109935543
Q40231,Q109935560
Q40231,Q109935583
Q40231,Q109935605
Q40231,Q109935648
Q40231,Q109935680
Q40231,Q24574680
Q5282797,Q5282797
Q537151,Q537151
Q537151,Q185943
Q537151,Q3118325
Q537151,Q4354526
Q601401,Q601401
Q601401,Q126793
Q601401,Q178803
Q601401,Q181784
Q601401,Q194189
Q601401,Q220695
Q601401,Q484847
Q601401,Q786803
Q601401,Q811891
Q601401,Q829492
Q601401,Q878138
Q601401,Q1239532
Q601401,Q2986234
Q601401,Q3087867
Q601401,Q4775204
Q601401,Q20081142
Q601401,Q54445847
Q601401,Q56604477
Q601401,Q57262267
Q601401,Q331814
Q601401,Q998426
Q601401,Q1548025
Q601401,Q15825471
Q601401,Q18043413
Q601401,Q57262261
Q601401,Q100136951
Q601401,Q62955
Q601401,Q182722
Q601401,Q831772
Q601401,Q177923
Q601401,Q467064
Q601401,Q671832
Q601401,Q43290857
Q601401,Q70997756
Q601401,Q320677
Q601401,Q2001775
Q601401,Q212930
Q601401,Q781384
Q601401,Q3081320
Q601401,Q18620277
Q601401,Q10859257
Q601401,Q4290
Q601401,Q192270
Q601401,Q107353247
Q601401,Q2431020
Q601401,Q233288
Q601401,Q7584266
Q601401,Q1166072
Q601401,Q1141338
Q601401,Q490513
Q601401,Q1371297
Q601401,Q4201895
Q601401,Q54097983
Q601401,Q105103353
Q601401,Q105113660
Q601401,Q727746
Q601401,Q48426334
Q601401,Q74570489
Q601401,Q43060
Q601401,Q8142
Q601401,Q1148747
Q601401,Q1416898
Q601401,Q3072498
Q601401,Q4077390
Q601401,Q6501319
Q601401,Q7544035
Q601401,Q145658
Q601401,Q11604367
Q601401,Q50870824
Q601401,Q235041
Q601401,Q14083
Q601401,Q15788
Q601401,Q32361
Q601401,Q153564
Q601401,Q178843
Q601401,Q190122
Q601401,Q191830
Q601401,Q202018
Q601401,Q203607
Q601401,Q240532
Q601401,Q244696
Q601401,Q251484
Q601401,Q339180
Q601401,Q426507
Q601401,Q572664
Q601401,Q650702
Q601401,Q745316
Q601401,Q756202
Q601401,Q794587
Q601401,Q836086
Q601401,Q952064
Q601401,Q1189842
Q601401,Q1257361
Q601401,Q1403377
Q601401,Q1570153
Q601401,Q2902809
Q601401,Q3064816
Q601401,Q4112083
Q601401,Q4281830
Q601401,Q4411107
Q601401,Q5194982
Q601401,Q7048891
Q601401,Q7995739
Q601401,Q17053528
Q601401,Q17074907
Q601401,Q17437818
Q601401,Q25377091
Q601401,Q25530138
Q601401,Q28783456
Q601401,Q28795800
Q601401,Q61200261
Q601401,Q66372313
Q601401,Q93636179
Q601401,Q311255
Q601401,Q430660
Q601401,Q625903
Q601401,Q728265
Q601401,Q1156811
Q601401,Q1365703
Q601401,Q1742093
Q601401,Q1992300
Q601401,Q10968259
Q601401,Q105766104
Q601401,Q105611
Q601401,Q182103
Q601401,Q361863
Q601401,Q493177
Q601401,Q697852
Q601401,Q752304
Q601401,Q791974
Q601401,Q845477
Q601401,Q1061648
Q601401,Q2731013
Q601401,Q5978114
Q601401,Q16969721
Q601401,Q3737914
Q601401,Q947859
Q601401,Q39049892
Q601401,Q1270515
Q601401,Q1463565
Q601401,Q2015202
Q601401,Q4315979
Q601401,Q10397683
Q601401,Q65245831
Q601401,Q80042
Q601401,Q1643989
Q601401,Q11220294
Q601401,Q69445139
Q601401,Q63117399
Q601401,Q10851365
Q601401,Q55630875
Q601401,Q1449918
Q601401,Q2269280
Q601401,Q1198478
Q601401,Q6851831
Q601401,Q10836209
Q601401,Q11424431
Q601401,Q1797869
Q601401,Q2015594
Q601401,Q194489
Q601401,Q6821213
Q601401,Q2306789
Q601401,Q383187
Q601401,Q4732580
Q601401,Q5155573
Q601401,Q188823
Q601401,Q1378945
Q601401,Q440311
Q601401,Q3020761
Q601401,Q28784073
Q601401,Q747699
Q601401,Q918448
Q601401,Q1725370
Q601401,Q16975945
Q601401,Q2640178
Q601401,Q69423649
Q601401,Q454935
Q601401,Q354091
Q601401,Q385545
Q601401,Q10460910
Q601401,Q1368
Q601401,Q846773
Q601401,Q13479982
Q601401,Q39086217
Q601401,Q45803
Q601401,Q693464
Q601401,Q886568
Q601401,Q6501095
Q601401,Q13400856
Q601401,Q25392373
Q601401,Q55582088
Q601401,Q106561513
Q601401,Q41207
Q601401,Q47433
Q601401,Q2325252
Q601401,Q5000589
Q601401,Q9264560
Q601401,Q29959475
Q601401,Q159505
Q601401,Q187776
Q601401,Q208041
Q601401,Q218010
Q601401,Q476883
Q601401,Q557728
Q601401,Q599170
Q601401,Q610038
Q601401,Q705080
Q601401,Q724784
Q601401,Q834351
Q601401,Q848960
Q601401,Q855973
Q601401,Q860641
Q601401,Q863452
Q601401,Q1249076
Q601401,Q2217303
Q601401,Q4752816
Q601401,Q8572111
Q601401,Q10685476
Q601401,Q11650194
Q601401,Q15078648
Q601401,Q22980727
Q601401,Q40083508
Q601401,Q56325988
Q601401,Q2903538
Q601401,Q3340886
Q601401,Q40795688
Q601401,Q352796
Q601401,Q162528
Q601401,Q1750740
Q601401,Q4533514
Q601401,Q5456252
Q601401,Q127441
Q601401,Q231455
Q601401,Q476078
Q601401,Q1083662
Q601401,Q106129117
Q601401,Q28038924
Q601401,Q384724
Q601401,Q106093190
Q601401,Q5456254
Q601401,Q106125986
Q645883,Q645883
Q645883,Q178561
Q645883,Q188686
Q645883,Q251741
Q645883,Q256905
Q645883,Q273976
Q645883,Q328475
Q645883,Q357104
Q645883,Q476807
Q645883,Q539241
Q645883,Q582956
Q645883,Q646740
Q645883,Q678146
Q645883,Q818545
Q645883,Q831663
Q645883,Q898242
Q645883,Q939087
Q645883,Q1060062
Q645883,Q1070938
Q645883,Q1192114
Q645883,Q1384277
Q645883,Q1456466
Q645883,Q1546073
Q645883,Q1760704
Q645883,Q2001676
Q645883,Q2280140
Q645883,Q2739113
Q645883,Q3275749
Q645883,Q3309962
Q645883,Q3354777
Q645883,Q3354924
Q645883,Q3735153
Q645883,Q6878284
Q645883,Q23036198
Q645883,Q29530429
Q645883,Q743488
Q645883,Q814290
Q645883,Q997267
Q645883,Q1261499
Q645883,Q1897017
Q645883,Q15047343
Q645883,Q26913948
Q645883,Q48767773
Q645883,Q56296559
Q645883,Q2889084
Q645883,Q880637
Q645883,Q3306321
Q645883,Q188055
Q645883,Q1959141
Q645883,Q498182
Q645883,Q633954
Q645883,Q2508200
Q645883,Q5420038
Q645883,Q5420046
Q645883,Q16935379
Q645883,Q25810859
Q645883,Q28406203
Q645883,Q41118032
Q645883,Q45311815
Q645883,Q45311841
Q645883,Q45333534
Q645883,Q45385407
Q645883,Q45386330
Q645883,Q192623
Q645883,Q6130595
Q645883,Q7539194
Q645883,Q97368680
Q645883,Q3305194
Q645883,Q4688003
Q645883,Q6982006
Q645883,Q17912683
Q645883,Q27653727
Q645883,Q12546
Q645883,Q106223176
Q645883,Q1047367
Q645883,Q420474
Q645883,Q3394581
Q645883,Q3406090
Q645883,Q467011
Q645883,Q1344887
Q645883,Q1470138
Q645883,Q2380335
Q645883,Q5176896
Q645883,Q6857862
Q645883,Q6982012
Q645883,Q30588142
Q645883,Q50295027
Q645883,Q699417
Q645883,Q1276245
Q645883,Q63088829
Q645883,Q63088843
Q645883,Q63088922
Q645883,Q63088929
Q645883,Q63088934
Q645883,Q63088967
Q645883,Q494497
Q645883,Q328376
Q645883,Q19841484
Q645883,Q17772965
Q645883,Q60740186
Q645883,Q60794334
Q645883,Q715695
Q645883,Q838364
Q645883,Q841418
Q645883,Q4788547
Q645883,Q107238003
Q645883,Q4895359
Q645883,Q664017
Q645883,Q7674068
Q645883,Q19606784
Q645883,Q15144437
Q645883,Q18603647
Q650711,Q650711
Q650711,Q178561
Q650711,Q191503
Q650711,Q319771
Q650711,Q830494
Q650711,Q997267
Q650711,Q1046469
Q650711,Q1929372
Q650711,Q2406205
Q650711,Q743488
Q650711,Q814290
Q650711,Q1261499
Q650711,Q1897017
Q650711,Q15047343
Q650711,Q26913948
Q650711,Q48767773
Q650711,Q56296559
Q650711,Q11499675
Q650711,Q184940
Q650711,Q30323964
Q650711,Q42486
Q650711,Q4886918
Q650711,Q131359
Q650711,Q2640883
Q650711,Q3502977
Q650711,Q89822180
Q650711,Q196431
Q650711,Q4923444
Q650711,Q17772965
Q650711,Q6037238
Q650711,Q721668
Q650711,Q196092
Q650711,Q172560
Q650711,Q172336
Q650711,Q195986
Q685744,Q796919
Q685744,Q843610
Q685744,Q17052147
Q685744,Q3043499
Q7590,Q7590
Q7590,Q11453
Q7590,Q49845
Q7590,Q155930
Q7590,Q179226
Q7590,Q199582
Q7590,Q318296
Q7590,Q370330
Q7590,Q651658
Q7590,Q725864
Q7590,Q1048584
Q7590,Q1364310
Q7590,Q1435575
Q7590,Q1757562
Q7590,Q1963768
Q7590,Q2072431
Q7590,Q2265780
Q7590,Q2334804
Q7590,Q2442510
Q7590,Q3997825
Q7590,Q4354683
Q7590,Q7489559
Q7590,Q11658044
Q7590,Q16002194
Q7590,Q41222493
Q7590,Q63247926
Q7590,Q98374631
Q7590,Q109732621
Q7590,Q109733629
Q7590,Q25495
Q7590,Q746694
Q7590,Q677859
Q7590,Q98543681
Q7590,Q395976
Q7590,Q499814
Q7590,Q975595
Q7590,Q1440340
Q7590,Q2141830
Q7590,Q2264757
Q7590,Q4931513
Q7590,Q29584728
Q7590,Q134211
Q7590,Q902378
Q7590,Q1395855
Q7590,Q1411690
Q7590,Q26208318
Q7590,Q849211
Q7590,Q655843
Q7590,Q892757
Q7590,Q1361457
Q7590,Q1385398
Q7590,Q7801532
Q7590,Q13363321
Q7590,Q30344536
Q7590,Q303764
Q7590,Q1366745
Q7590,Q13393124
Q7590,Q17747594
Q7590,Q3569648
Q7590,Q56291730
Q7590,Q21074304
Q7590,Q7835240
Q7590,Q493016
Q7590,Q2234635
Q7590,Q14820680
Q7590,Q14859673
Q7590,Q14860824
Q7590,Q14904931
Q7590,Q256905
Q7590,Q109413679
Q7590,Q14626453
Q7590,Q294362
Q7590,Q1433891
Q7590,Q23582374
Q7590,Q56298091
Q7590,Q44906
Q7590,Q203290
Q7590,Q4130124
Q7590,Q1447463
Q7590,Q10932402
Q7590,Q516739
Q7590,Q3565868
Q7590,Q738031
Q7590,Q5503
Q7590,Q65295049
Q7590,Q1550182
Q7590,Q109852002
Q7590,Q207842
Q7590,Q1268865
Q7590,Q1425942
Q7590,Q152523
Q7590,Q3537859
Q7590,Q7835189
Q7590,Q1020052
Q7590,Q2791470
Q7590,Q187916
Q7590,Q207703
Q7590,Q216033
Q7590,Q838781
Q7590,Q1194269
Q7590,Q1295912
Q7590,Q2266789
Q7590,Q497426
Q7590,Q211382
Q7590,Q832003
Q7590,Q1022147
Q7590,Q1412403
Q7590,Q5883983
Q7590,Q17332629
Q7590,Q32680449
Q7590,Q42832982
Q7590,Q104666804
Q7590,Q622377
Q7590,Q18984099
Q7590,Q356125
Q7590,Q14865154
Q7590,Q22290375
Q7590,Q184726
Q7590,Q14863965
Q7590,Q14863664
Q7590,Q14897639
Q7590,Q14906653
Q7590,Q14819302
Q7590,Q994741
Q7590,Q14882482
Q7590,Q21105288
Q7590,Q22290457
Q7590,Q29573182
Q7590,Q2551228
Q7590,Q14820652
Q7590,Q21100839
Q7590,Q14905129
Q7590,Q14872727
Q7590,Q8157
Q7590,Q15310171
Q7590,Q5916
Q7590,Q16985745
Q7590,Q178512
Q7590,Q218455
Q7590,Q512399
Q7590,Q752783
Q7590,Q832435
Q7590,Q2133344
Q7590,Q109502248
Q7590,Q5643
Q7590,Q293849
Q7590,Q339249
Q7590,Q1198521
Q7590,Q2105834
Q7590,Q2393012
Q7590,Q2564783
Q7590,Q13414782
Q7590,Q15141321
Q7590,Q110205265
Q7590,Q321654
Q7590,Q1311060
Q7590,Q2300237
Q7590,Q3214425
Q7590,Q11424403
Q7590,Q11598585
Q7590,Q1135604
Q7590,Q358805
Q7590,Q264136
Q7590,Q4422352
Q7590,Q2140646
Q7590,Q1545308
Q7590,Q95723
Q7590,Q205585
Q7590,Q1054782
Q7590,Q1256803
Q7590,Q2008811
Q7590,Q4378075
Q7590,Q6026954
Q7590,Q373557
Q7590,Q763256
Q7590,Q1428200
Q7590,Q8010
Q7590,Q514989
Q7590,Q4698967
Q7590,Q7834360
Q7590,Q12039372
Q7590,Q22290559
Q7590,Q14865026
Q7590,Q14872721
Q7590,Q21761006
Q7590,Q14902523
Q7590,Q21122752
Q7590,Q21141820
Q7590,Q2530926
Q7590,Q10405656
Q7590,Q20180855
Q7590,Q109622962
Q7590,Q109622963
Q7590,Q22288394
Q7590,Q14882487
Q7590,Q14888944
Q7590,Q22290644
Q7590,Q14864012
Q7590,Q14912535
Q7590,Q21105895
Q7590,Q22288542
Q7590,Q22288546
Q7590,Q21106447
Q7590,Q14820674
Q7590,Q14864709
Q7590,Q21103114
Q7590,Q22290356
Q7590,Q37681
Q7590,Q350871
Q7590,Q1208212
Q7590,Q6452193
Q7590,Q7328304
Q7590,Q207238
Q7590,Q1423069
Q7590,Q912996
Q7590,Q174876
Q7590,Q49390
Q7590,Q18201623
Q7590,Q4698279
Q7590,Q7631769
Q7590,Q6056346
Q7590,Q1093833
Q7590,Q1686810
Q7590,Q3306321
Q7590,Q11480750
Q7590,Q60997348
Q7590,Q14865157
Q7590,Q14860549
Q7590,Q14864581
Q7590,Q21095109
Q7590,Q21120741
Q7590,Q21096291
Q7590,Q624140
Q7590,Q843418
Q7590,Q10874184
Q7590,Q26252263
Q7590,Q63165826
Q7590,Q91908084
Q7590,Q91908604
Q7590,Q106978510
Q7590,Q14905514
Q7590,Q22288342
Q7590,Q14819456
Q7590,Q21121866
Q7590,Q21100317
Q7590,Q14912755
Q7590,Q22290558
Q7590,Q14863067
Q7590,Q360372
Q7590,Q20940236
Q7590,Q789344
Q7590,Q1141795
Q7590,Q651172
Q7590,Q754806
Q7590,Q14891588
Q7590,Q21972891
Q7590,Q15334281
Q7590,Q14907989
Q7590,Q22290330
Q7590,Q21112023
Q7590,Q21100393
Q7590,Q14911651
Q7590,Q129172
Q7590,Q515449
Q7590,Q529938
Q7590,Q699353
Q7590,Q964162
Q7590,Q1192191
Q7590,Q1592969
Q7590,Q2138247
Q7590,Q3919228
Q7590,Q46048144
Q7590,Q60442637
Q7590,Q67454740
Q7590,Q107274313
Q7590,Q110164298
Q7590,Q896739
Q7590,Q379605
Q7590,Q379738
Q7590,Q5421693
Q7590,Q5523292
Q7590,Q6149896
Q7590,Q12068123
Q7590,Q17056702
Q7590,Q15334263
Q7590,Q21107275
Q7590,Q21133324
Q7590,Q15079663
Q7590,Q50331459
Q7590,Q145179
Q7590,Q15145537
Q7590,Q105967897
Q7590,Q106793561
Q7590,Q107343049
Q7590,Q21120112
Q7590,Q16068932
Q7590,Q1144784
Q8016240,Q8016240
Q8016240,Q40745
Q8016240,Q375727
Q8016240,Q788874
Q8016240,Q1498464
Q8016240,Q3771751
Q8016240,Q5954576
Q8016240,Q7234317
Q8016240,Q12038591
Q8016240,Q19902850
Q8016240,Q28455120
Q8016240,Q52348036
Q8016240,Q107622168
Q8016240,Q57819011
Q8016240,Q57821094
Q8016240,Q5657173
Q8016240,Q79077079
Q841236,Q841236
Q841236,Q694752
Q841236,Q1071447
Q841236,Q1668049
Q841236,Q318296
Q841236,Q853735
Q841236,Q1230779
Q841236,Q655843
Q841236,Q892757
Q841236,Q1361457
Q841236,Q1385398
Q841236,Q7801532
Q841236,Q13363321
Q841236,Q30344536
Q841236,Q6014156
Q841236,Q20820058
Q841236,Q17354233
Q844482,Q844482
Q844482,Q10737
Q844482,Q149086
Q844482,Q663296
Q844482,Q142824
Q844482,Q217327
Q844482,Q621076
Q844482,Q753811
Q844482,Q3307578
Q844482,Q7635378
Q844482,Q7883956
Q844482,Q8454
Q844482,Q100159
Q844482,Q119094
Q844482,Q132821
Q844482,Q641449
Q844482,Q781757
Q844482,Q916412
Q844482,Q1342425
Q844482,Q1752350
Q844482,Q2691275
Q844482,Q2717573
Q844482,Q3966286
Q844482,Q5400895
Q844482,Q6317275
Q844482,Q7450629
Q844482,Q7897003
Q844482,Q11487748
Q844482,Q14042845
Q844482,Q16973098
Q844482,Q51159758
Q844482,Q44595
Q844482,Q8452
Q844482,Q36963
Q844482,Q2142916
Q844482,Q231577
Q844482,Q5655230
Q844482,Q204933
Q844482,Q1435124
Q844482,Q3235597
Q844482,Q3587621
Q844482,Q15747939
Q844482,Q14373
Q844482,Q34168
Q844482,Q133333
Q844482,Q211011
Q844482,Q849944
Q844482,Q1616353
Q844482,Q11479931
Q844482,Q1061047
Q844482,Q750215
Q844482,Q1139665
Q844482,Q1642263
Q844482,Q3199915
Q844482,Q3882219
Q844482,Q4676786
Q844482,Q4830211
Q844482,Q5300066
Q844482,Q11547135
Q844482,Q13431749
Q844482,Q13587273
Q844482,Q50378760
Q844482,Q24518
Q844482,Q11659306
Q844482,Q98915706
Q844482,Q18493502
Q844482,Q486775
Q844482,Q2599494
Q844482,Q8038643
Q844482,Q10855380
Q844482,Q3882220
Q844482,Q7918620
Q844482,Q1136456
Q844482,Q42767
Q844482,Q283534
Q844482,Q331828
Q844482,Q11202642
Q844482,Q41397
Q844482,Q154494
Q844482,Q177716
Q844482,Q2235125
Q844482,Q2369404
Q844482,Q21480300
Q844482,Q56514238
Q844482,Q66975460
Q844482,Q9026907
Q844482,Q1076426
Q844482,Q1344887
Q844482,Q5533440
Q844482,Q19841484
Q844482,Q21175615
Q844482,Q88178910
Q844482,Q118322
Q844482,Q1295558
Q844482,Q56461743
Q844482,Q6000508
Q844482,Q216169
Q844482,Q2094798
Q844482,Q20893947
Q844482,Q1342132
Q844482,Q2763
Q844482,Q1371470
Q844482,Q108702572
Q844482,Q5455087
Q844482,Q1475448
Q844482,Q8000914
Q844482,Q42915628
Q844482,Q2478315
Q8445,Q8445
Q8445,Q17422
Q8445,Q182639
Q8445,Q205572
Q8445,Q1546421
Q8445,Q1790538
Q8445,Q7311547
Q8445,Q1971354
Q8445,Q2353190
Q93190,Q93190
Q93190,Q1432247
Q601401,Q846996
Q601401,Q1260046